"#","Player","Pos","Team","1","2","3","4","5","6","7","8","9","10","11","12","13","14","15","16","17","AVG","TTL"
"1","Lamar Jackson","QB","BAL","33.6","30.9","21.3","26.5","14.4","30.6","23.3","BYE","28.6","33.4","32.8","36.3","22.3","20.8","37.1","29.8","-","28.1","421.7"
"2","Christian McCaffrey","RB","SF","37.9","6.3","26.3","28.9","44.7","19.7","-","25.5","36.1","23.1","24.6","29.8","13.7","19","33.5","24.8","19.3","25.8","413.2"
"3","Dak Prescott","QB","DAL","33.4","28.7","23.5","8.6","26.2","18.2","21.6","BYE","22.5","26.9","31.6","7.9","23.7","17.5","17.7","11.3","29.6","21.8","348.8"
"4","Jameis Winston","QB","NO","10.1","13.2","26.5","30.3","17.5","17.1","-","21.3","20.2","20.3","18.8","26.3","10.7","37.7","33.7","15","16.5","21","335.4"
"5","Russell Wilson","QB","DEN","16.6","24.2","41.3","14.3","29.9","28.9","15.3","15.7","39.2","17.6","-","10.5","17.9","11.6","19.3","11","20.2","20.9","333.6"
"6","Deshaun Watson","QB","CLE","31.7","12.9","25.8","11.6","41.7","31.4","17.5","27.8","19.7","-","5","19.9","28.4","30.1","18.9","10.1","-","22.2","332.5"
"7","Michael Thomas","WR","NO","17.3","13.9","13.9","14","35.7","12.9","17.6","21.8","BYE","21.7","21.4","21.1","7.8","24.9","24.8","25.6","5.7","18.8","300.1"
"8","Josh Allen","QB","BUF","18","22.2","19.3","11.7","18.5","BYE","21.3","17.3","17.6","25.4","33.8","20","23.5","10.7","17.4","20.6","0.2","18.6","297.6"
"9","Kyler Murray","QB","ARI","22.6","16.4","19.8","17.3","25.4","28.8","7","10.1","23","27.8","26.7","BYE","14.3","13","17.4","12.7","15","18.6","297.3"
"10","Patrick Mahomes II","QB","KC","27.3","31.6","27.9","18","18.5","19.8","7.2","-","-","29.8","16.2","BYE","19.5","14.9","23.7","25.4","12.1","20.9","292"
"11","Aaron Jones","RB","GB","4.4","23","14.8","14.8","45.7","6","16.3","38.1","3.4","27.3","BYE","3.8","5.1","28.2","17.1","27","15.3","18.1","290.3"
"12","Derrick Henry","RB","TEN","28.4","16.4","11.1","11.3","13.8","3.8","17.3","6.8","23.4","32.1","BYE","28","22.1","23.4","8.6","-","39.1","19","285.6"
"13","Ezekiel Elliott","RB","FA","12.8","19","14.9","13.5","16.1","23.8","23.7","-","13.9","7.3","18.3","14.6","17.2","22.3","29.5","11.9","25.9","17.8","284.7"
"14","Carson Wentz","QB","FA","25","19.5","21.7","19.7","12.1","21.5","7.8","14.4","15.1","-","12.3","10.9","25.4","19.9","21.5","19","17.1","17.7","282.9"
"15","Aaron Rodgers","QB","NYJ","12.9","14.4","13","26.5","9.4","19.3","43.8","27.1","12.9","10","-","9.5","28.1","11.4","14.4","9.3","20","17.6","282.1"
"16","Matt Ryan","QB","FA","20.6","22.1","23.5","15.7","32.9","30.9","3.6","-","-","15.6","16.4","8.6","18.6","21.3","19.1","18","14.5","18.8","281.3"
"17","Tom Brady","QB","FA","25.6","24.7","20.1","4.7","24.9","23","13","18.4","14.4","-","8.5","11.3","25.3","11.8","12.9","17.2","15.8","17","271.7"
"18","Dalvin Cook","RB","MIN","25","26.6","22.3","16","22.8","12.4","27.4","25.6","13.6","27.8","14.2","BYE","11.9","14.5","5.8","-","-","19","265.9"
"19","Jared Goff","QB","DET","10.4","19.1","16.1","23.7","18.9","1.1","25","22.9","-","5.7","6.2","6.4","25","18.1","18.6","21.1","25.2","16.5","263.5"
"20","Austin Ekeler","RB","LAC","36.4","20.3","11.6","26.7","14.8","4.3","22","9.2","11.3","11.8","17.2","BYE","14.7","29.3","10.6","9.4","13.4","16.4","263"
"21","Jimmy Garoppolo","QB","LV","11.4","23.6","11.4","-","14.9","13.1","7","14","28.9","11","31.7","18.2","9.1","29.1","12.6","12.4","11.8","16.3","260.3"
"22","Philip Rivers","QB","FA","24.9","11.9","19.6","20.4","6.1","16.8","21.2","11","11.8","13.3","16.1","-","17.6","24.6","11.3","11.2","17.7","16","255.5"
"23","Ryan Fitzpatrick","QB","FA","11.2","1.2","1.2","-","-","9.8","21.6","13.3","23.7","14.1","12.9","25.1","27.8","15.3","20.5","32.7","24.3","17","254.5"
"24","Derek Carr","QB","NO","14.6","11.7","16.7","13.5","8","-","16.7","23.4","19.6","13.1","20.8","5.2","11.6","20.2","15.9","21.9","19.6","15.8","252.4"
"25","Kirk Cousins","QB","MIN","14.3","10.9","12.6","7.3","20.5","28.3","29.2","11.6","21.3","19.3","22.9","BYE","18","13.6","12.7","7.9","-","16.7","250.4"
"26","Baker Mayfield","QB","TB","12.4","16","10.7","16.8","0","22.5","BYE","12.6","17.1","17.6","21.8","24.6","9","13","18","15.1","23.1","15.6","250.2"
"27","Nick Chubb","RB","CLE","10","17.8","15.1","37.8","10.4","26.4","BYE","10.3","11.1","13.1","9.2","23.9","8.4","12.2","22.3","4.5","4.7","14.8","237.2"
"28","Gardner Minshew II","QB","IND","18.6","16.1","18","16.7","21.2","5.6","21","24","9.8","-","-","-","11.7","13.6","18.7","14.8","25.5","16.8","235.2"
"29","Chris Godwin","WR","TB","12.8","22.1","5.5","35.2","28","20.1","BYE","8.3","10.4","10.4","12.2","33.9","7","12.6","14.6","-","-","16.7","233.1"
"30","New England Patriots","DST","NE","10","37","14","25","14","27","25","21","4","BYE","11","8","2","7","20","5","2","14.5","232"
"31","Ryan Tannehill","QB","TEN","-0.2","-","-","-","-","5.4","20.2","19.4","25","18.9","BYE","32.4","13.8","28.5","25.2","23.7","17.9","19.2","230.2"
"32","Mark Ingram II","RB","FA","22.7","8.7","33.5","7.6","11.9","14.4","5.8","-","13.4","9.4","22","24.3","7.2","9.4","23.1","16.1","-","15.3","229.5"
"33","Drew Brees","QB","FA","21.8","0.5","-","-","-","-","-","25.9","-","11.5","21.1","23.4","11.3","40.1","28.3","22.9","22","20.8","228.8"
"34","Daniel Jones","QB","NYG","-0.8","-","34.2","14.3","11.5","8.2","11.4","28.2","12.8","30.3","BYE","14.7","11.2","-","-","35.3","15.6","17.5","227"
"35","Julio Jones","WR","FA","12.1","25.1","22.8","7.3","5.7","14.8","12.3","20.2","-","9.4","11.7","9.3","-","9.1","31.9","21.6","11.3","15","224.6"
"36","Cooper Kupp","WR","LAR","8.1","15.1","27.6","22.4","22.2","3.7","8","31.5","BYE","0","6.8","6.5","15.5","12.5","13.1","11.1","19.4","14","223.5"
"37","Jacoby Brissett","QB","WAS","16.5","17.3","20.8","23.5","11.9","-","27.6","9.5","2.8","BYE","16.1","13.2","14.7","22.6","7.3","15.2","4.2","14.9","223.2"
"38","Leonard Fournette","RB","FA","9.4","10.7","12.2","25.5","21.7","14.8","15.5","17.1","9.7","-","9.2","32.4","13.6","7.8","9.8","12","-","14.8","221.4"
"39","Saquon Barkley","RB","NYG","15.9","21","5.7","-","-","-","15.5","24.3","12.5","5.6","BYE","7","13","8.2","28.3","41.9","19.2","16.8","218.1"
"40","DeAndre Hopkins","WR","FA","27.1","6.5","9.7","5.6","12.3","12","21.1","16.4","15.4","-","11.5","24.4","13.1","22.7","14.9","4.8","-","14.5","217.5"
"41","Andy Dalton","QB","CAR","20.7","19.6","18.1","4.6","19","14.6","21.3","17.7","-","-","-","-","13.3","10.6","6.1","33.8","17.6","16.7","217.2"
"42","Kenny Golladay","WR","FA","12.2","21.7","2.7","21.2","-","14.6","2.6","25.3","21.2","13.2","3.9","8.1","23.8","14.8","5.9","15.6","8.7","13.5","215.5"
"43","Chris Carson","RB","FA","21","8.2","3.5","16.5","18.8","23.9","8.9","15","12.3","17.6","-","7.7","17.4","10.6","26.2","6.5","-","14.3","214.1"
"44","Mitch Trubisky","QB","PIT","9.2","5.6","20.4","0.4","-","-","20","8.1","6.5","19.7","11","20.9","24.9","33.1","18.3","8.3","6.4","14.2","212.8"
"45","DeVante Parker","WR","NE","9","0","7.1","15","-","10.3","14","8.9","13.7","9.4","17","12.1","31.4","3.8","21.2","19.6","17.7","13.1","210.2"
"46","Keenan Allen","WR","LAC","22.3","13.8","37.1","7.3","3.8","4.3","8.1","8.8","5.5","12.6","17.1","BYE","15.8","10.8","14.4","9.1","18.7","13.1","209.5"
"47","Alvin Kamara","RB","NO","20.4","6.5","32.6","10.4","13.9","10.1","-","-","BYE","11.4","17.2","14.7","10.4","4.3","11.4","26","18.7","14.9","208"
"48","Joe Mixon","RB","CIN","2.7","4.2","16.4","8.3","11.4","4.9","6.9","15.7","BYE","16.1","16.8","7.9","15","26.1","17.1","8.3","30.1","13","207.9"
"49","Amari Cooper","WR","CLE","19.6","12.4","23.8","7.3","34.1","0.8","13.1","-","16","26.2","5.3","0","12.5","17.3","2.4","4.4","11.8","12.9","207"
"50","Julian Edelman","WR","FA","13.4","7.2","15.7","5","21","15.8","10.2","23.5","11.9","-","12.4","13.3","18.9","20.3","1.9","11.7","4.1","12.9","206.3"
"51","Allen Robinson II","WR","PIT","13.7","6.1","9","11.2","25.2","-","19.7","8.7","1.1","11.6","3.5","22.1","18.6","19.3","16","8.3","11.8","12.9","205.9"
"52","Travis Kelce","TE","KC","10.3","20.2","12.4","12","9","7.8","7.4","14.3","9.7","17","18.7","BYE","11.5","14.5","19.7","17.4","3.9","12.9","205.8"
"53","Todd Gurley II","RB","FA","10.6","14.2","4.3","22.5","17.2","-","11.9","10.4","-","7.3","18.8","3.4","18","19.3","19.3","16.8","9.9","13.6","203.9"
"54","Sam Darnold","QB","SF","13","-","-","BYE","-","20.6","-2.7","15.6","13.5","21.7","26.4","28.2","10.5","18.1","16.8","9.6","10.8","15.6","202.2"
"55","Mike Evans","WR","TB","3.8","8.1","41","16.9","0","16.1","BYE","37.3","30","10.2","8.9","7","7.3","12.6","-","-","-","15.3","199.2"
"56","Jarvis Landry","WR","FA","9.7","4.7","7.7","20.7","9.5","5.1","-","9","14.1","20.2","12.3","31.8","10.6","9.6","4.8","10.9","15.2","12.2","195.9"
"57","Tyler Lockett","WR","SEA","10.9","12.9","26.9","7.1","12.3","10.3","14.3","13","33.7","4.4","BYE","4.3","0","6.3","22","1.7","14.1","12.1","194.2"
"58","Miles Sanders","RB","CAR","3.2","5.2","11.6","7.2","8.4","16.7","4.7","21.3","8.8","-","5.7","10.1","19","8.9","32.2","24.1","6.6","12.1","193.7"
"59","Kyle Allen","QB","BUF","0","-","24.3","3.3","11.6","17.4","-","3.3","15.9","14.5","9.7","23.1","24.3","20.1","14.6","-","11.3","13.8","193.5"
"60","A.J. Brown","WR","PHI","11.5","4","0.9","22.9","3.7","3.3","9.2","8.1","10.1","2.2","-","21.5","6","31.1","21.4","14.8","20.4","11.9","191.1"
"61","DJ Chark Jr.","WR","CAR","22.6","15","15.6","6.4","32.4","5.8","8.8","16.9","5.2","-","26.4","8.3","5.7","12","-","2.8","5.4","12.6","189.3"
"62","Kenyan Drake","RB","FA","3.7","7.3","6.7","8.8","-","10","7.3","-","26.2","7.1","11","-","6.1","8.2","39.1","31.9","15.8","13.5","189.2"
"63","Robert Woods","WR","HOU","12.6","5.2","7.3","22.9","7.3","7.6","11.1","5.2","-","13","-","12.7","23.7","22.2","3.7","16.3","17.1","12.5","187.9"
"64","DJ Moore","WR","CHI","9.1","13.4","12.9","5.9","12.1","12.1","-","6.3","13.6","16.5","13.5","28.4","16.2","10.1","16.3","0.6","-","12.5","187"
"65","Courtland Sutton","WR","DEN","15.5","6","11.2","21.2","17.2","9.6","11.7","8.7","14.8","BYE","16.3","3.2","21.4","5.9","9.9","6.6","7.2","11.7","186.4"
"66","John Brown","WR","FA","21.8","10.7","7.5","9.4","10","-","16.8","7.9","9.6","10.2","30.2","10.9","9.2","4.1","13.4","12.1","-","12.3","183.8"
"67","Le'Veon Bell","RB","FA","20.2","15.9","8.3","-","12.3","11.8","8.1","5","16.1","14.8","16.2","13.3","8.7","-","9.8","11.3","10.2","12.1","182"
"68","Josh Jacobs","RB","LV","23.8","9.9","4.4","11.8","27.8","-","14.9","9.1","24","17.6","11.9","4.1","10.4","-","11.9","-","-","14","181.6"
"69","Pittsburgh Steelers","DST","PIT","0","7","11","19","11","14","BYE","13","19","25","1","12","13","18","6","5","7","11.3","181"
"70","Stefon Diggs","WR","BUF","4.7","9.4","3","12.3","5.9","40","17.8","15.8","2.1","6.4","20.6","-","7.2","12.2","10","13.2","-","12","180.6"
"71","Phillip Lindsay","RB","FA","8.6","8.6","27","6.5","22.7","14.5","3.7","10.1","15.2","-","8.5","7.3","7.7","12.5","3.2","18.8","5.3","11.3","180.2"
"72","George Kittle","TE","SF","9.4","6.9","8.7","BYE","17.8","14.3","5.3","11.6","16.9","-","-","21.9","2.4","15.7","19.9","16.4","12.8","12.9","180"
"73","Michael Gallup","WR","DAL","19.3","9.8","-","-","20.8","6.8","4.9","BYE","10.3","15.6","19.3","7.5","7.8","13.9","1.1","12.3","30.3","12.8","179.7"
"74","Tyler Boyd","WR","CIN","10.3","17.2","9.8","4.8","23.3","2.5","6","9.8","BYE","9.2","1.5","16.6","14.4","10.7","4.1","29.3","8.4","11.1","177.9"
"75","Darren Waller","TE","NYG","10.5","9.3","20.6","8.8","5.9","-","28.1","8.1","6.2","5.5","10.1","5.6","13.5","8.2","16.2","5.7","13.7","11","176"
"76","Mark Andrews","TE","BAL","20.8","21.2","3","11.1","7","10.9","4.9","BYE","3.1","20.3","15.5","5.5","12.5","1.9","13.2","24.3","-","11.7","175.2"
"77","Marlon Mack","RB","FA","25.4","7.3","15.8","3.9","16.3","-","7.1","15.5","8.9","8.7","16.9","-","-","9.8","1.9","17.1","19.7","12.5","174.3"
"78","Zach Ertz","TE","ARI","7.9","13.2","8.4","10","14.2","5.4","4.8","3","20.8","-","13.9","21.1","3.9","25.6","14.6","4.8","-","11.4","171.6"
"79","Matthew Stafford","QB","LAR","27.6","17.1","12.1","23.4","-","11.5","29.6","24.4","25.8","-","-","-","-","-","-","-","-","21.4","171.6"
"80","Davante Adams","WR","LV","5.6","14.1","7.6","23","-","-","-","-","7.6","15.3","-","15.8","21.4","6.1","19.8","16.1","18.8","14.3","171.2"
"81","Devonta Freeman","RB","FA","2.6","7.9","11","14","15.5","25.3","3.5","12.2","-","6.3","-","-","8.4","17.4","6.5","29.2","8.3","12","168.1"
"82","Harrison Butker","K","KC","17","4","10","11","7","7","12","6","18","16","7","BYE","10","13","10","10","8","10.4","166"
"83","Calvin Ridley","WR","JAC","14.4","20.5","1.1","4.7","17.3","12.8","5","11","-","6.2","24.3","19","13.1","16.1","-","-","-","12.7","165.5"
"84","Odell Beckham Jr.","WR","BAL","10.6","25.1","8.6","3","4","13.1","-","7.7","10.7","8.2","8","17.4","4.4","4.9","10.6","12.4","15.6","10.3","164.3"
"85","James White","RB","FA","10.7","10.4","-","9.8","10.2","9","9.4","9.9","15.4","-","7.6","0.4","33.7","9.9","13.7","4.9","9.2","10.9","164.2"
"86","Wil Lutz","K","NO","15","12","3","14","7","8","10","7","BYE","10","11","11","17","13","10","9","6","10.2","163"
"86","San Francisco 49ers","DST","SF","27","7","7","BYE","19","10","15","17","3","19","14","11","4","-2","4","7","1","10.2","163"
"88","Marvin Jones Jr.","WR","DET","8","6.8","19.1","9.2","BYE","2.7","38.3","4.2","22.6","10.2","17.9","7.1","11.5","5.3","-","-","-","12.5","162.9"
"88","Terry McLaurin","WR","WAS","21","14.7","16","-","6.6","24","1.6","5.9","5.9","BYE","8.4","9.7","1.8","13.7","21.5","12.1","-","11.6","162.9"
"90","Deebo Samuel","WR","SF","3.2","17.8","5.9","BYE","0.8","3.4","-","12.3","6","15.2","17.4","12","13.1","13.4","4.2","13.9","22","10.7","160.6"
"91","Melvin Gordon III","RB","FA","-","-","-","-","5.8","6.3","7.9","10.4","24.4","19.8","10.5","-","12","16.9","4.9","19.7","21.2","13.3","159.8"
"92","Tyreek Hill","WR","MIA","3.1","-","-","-","BYE","22.5","14.9","11.1","23.5","27.5","0","-","7.6","10","21.3","9.7","8.1","13.3","159.3"
"93","Jamison Crowder","WR","NYG","17.3","6","3.5","-","2","12.8","4.6","3.9","18.3","16.6","16.1","2.8","1.8","4.4","24","8","16.6","9.9","158.7"
"94","Raheem Mostert","RB","MIA","4.5","22.6","5.9","-","3.4","1.3","0","12","-0.2","4","3.7","13.2","22.4","23.9","10.4","11.3","19.8","9.9","158.2"
"95","DK Metcalf","WR","SEA","10.9","13.6","7.7","1.1","11.4","9.3","5.3","14.8","24","8","BYE","5","8.5","10.8","10.6","0","17.1","9.9","158.1"
"96","David Montgomery","RB","DET","5","13.3","9.6","8.2","10.1","-","0.9","22.7","21.1","6","5.5","4.1","15.7","6.6","5.4","6.4","17.3","9.9","157.9"
"97","Emmanuel Sanders","WR","FA","17.1","23.3","2","12.9","1.4","0.5","8.5","10.5","20.7","3.4","4.8","2","6.1","30.6","1.9","7.6","4","9.3","157.3"
"98","Austin Hooper","TE","LV","12.2","5.4","21.6","17.5","10.6","21.7","12.6","15.5","-","9.7","-","-","-","4.2","3.5","11.7","8","11.9","154.2"
"99","Justin Tucker","K","BAL","11","13","4","6","16","13","12","BYE","7","7","12","9","9","6","4","7","17","9.6","153"
"99","Baltimore Ravens","DST","BAL","13","4","0","-1","5","5","18","BYE","13","24","15","13","7","9","8","4","16","9.6","153"
"101","Cole Beasley","WR","FA","6.5","10.3","10.8","11","3.6","-","9.1","11.6","8.3","9.4","5.8","16.6","20","12.9","1.1","14.3","-","10.1","151.3"
"102","Ronald Jones II","RB","DAL","9.8","0.9","12.6","14.7","6.6","7","-","5.7","15.2","18.6","2.4","14.2","0.8","7.9","5.4","18.4","10.6","9.4","150.8"
"103","Carlos Hyde","RB","FA","9","9","7.9","8.4","12","17.5","3.5","8.3","14","-","12.5","6.7","2.7","8.8","16.4","10.2","1.3","9.3","148.2"
"104","Kansas City Chiefs","DST","KC","5","11","2","13","3","5","24","4","1","5","11","BYE","22","8","11","10","13","9.3","148"
"105","Sony Michel","RB","FA","1.4","12.3","7.1","6.3","19.8","12.3","21.9","7.4","3.5","-","5.4","8.5","4.5","1.4","10.8","10.6","13.4","9.2","146.6"
"106","Los Angeles Rams","DST","LAR","9","8","9","6","2","7","21","9","BYE","19","9","-1","18","14","-4","9","11","9.1","146"
"106","Darius Slayton","WR","NYG","-","-","9.7","2.3","14.2","4.7","3.8","18","1.1","29.1","BYE","8.7","7.4","29.9","10.1","0","7","10.4","146"
"106","Jared Cook","TE","FA","4.7","3.5","1.2","3.6","12.1","11.2","-","-","-","10.4","10.3","18.9","10","19.4","7.4","21.9","11.4","10.4","146"
"109","Matt Gay","K","IND","5","9","16","15","7","6","-","10","12","14","7","5","8","9","9","11","2","9.1","145"
"110","Curtis Samuel","WR","WAS","4.7","11.8","13.8","4.8","5.9","21.8","-","6.6","14.9","11.5","4.5","5.4","14.5","5.2","13.9","3.1","2.3","9","144.7"
"111","Minnesota Vikings","DST","MIN","16","6","7","2","12","9","3","12","7","3","4","BYE","8","13","27","9","6","9","144"
"112","New Orleans Saints","DST","NO","7","5","14","11","6","11","10","8","BYE","3","17","5","16","1","5","6","18","8.9","143"
"113","Latavius Murray","RB","BUF","11.7","2.8","0.2","2.5","4.4","9.4","29.5","32.2","-","2.9","4.2","12.4","0.2","10.4","5.9","3.5","8","8.8","140.2"
"114","Larry Fitzgerald","WR","FA","21.3","12.9","12.1","7.2","8.8","9.9","1.7","1.8","5.8","11.1","10.2","-","8.6","3.5","5.7","12.8","6.5","8.7","139.9"
"115","Adrian Peterson","RB","FA","0","10.2","3.9","2.8","1.8","14.6","6.1","11.3","13.5","-","4","5.4","15.9","13.6","16.6","12.5","6.3","8.7","138.5"
"116","Buffalo Bills","DST","BUF","10","6","11","6","11","BYE","11","4","8","5","10","13","11","3","18","2","8","8.6","137"
"117","Mike Williams","WR","LAC","3.9","9.8","6","-","10.4","9.7","6.7","8.4","12.8","6.5","8.6","BYE","14.2","13.3","15.1","6.6","4.8","9.1","136.8"
"118","Chosen Anderson","WR","MIA","3.8","10.1","2.6","-","2.1","21","1.5","6.3","4.3","1.6","7.1","16.6","13.6","21.6","10.6","10.2","3.3","8.5","136.3"
"119","Zane Gonzalez","K","SF","14","9","9","4","14","10","10","11","5","11","9","-","1","5","8","10","6","8.5","136"
"120","Christian Kirk","WR","JAC","8.4","14.4","10.9","6.3","-","-","-","13.8","2.6","34.8","7.2","-","3.8","12.9","8.1","0.9","10.1","10.3","134.2"
"121","Josh Lambo","K","FA","8","7","10","15","9","6","13","12","3","-","1","9","5","4","9","7","16","8.4","134"
"121","Tampa Bay Buccaneers","DST","TB","12","6","8","15","1","0","BYE","5","1","6","0","16","23","2","15","10","14","8.4","134"
"123","Diontae Johnson","WR","PIT","4","2.2","13.3","14.7","5.2","2.4","BYE","16.9","1","8.4","2.7","4.4","3.6","22.6","6.7","18.1","7.4","8.4","133.6"
"124","Devin Singletary","RB","HOU","12.3","11.7","-","-","-","-","2.6","12.9","21.5","6.5","8.4","11.9","17.6","14.8","7.9","5.3","-","11.1","133.4"
"125","Matt Prater","K","ARI","11","1","9","15","-","21","7","9","6","9","3","11","8","1","6","5","11","8.3","133"
"125","New York Jets","DST","NYJ","18","5","16","BYE","4","1","1","3","6","16","9","18","1","4","5","12","14","8.3","133"
"125","Chris Conley","WR","SF","18.7","9.3","4","2.2","3.1","0","11.8","18.3","4.2","-","8.8","6.9","7.7","1.2","18.9","12.6","5.3","8.3","133"
"125","Tennessee Titans","DST","TEN","23","8","1","11","7","4","4","11","6","11","BYE","6","20","10","5","-1","7","8.3","133"
"129","Duke Johnson Jr.","RB","FA","11","3.1","3.4","8.8","7.2","12.4","6.6","11.4","16.6","-","5.4","3.5","17.5","7.5","3.3","0.1","14.2","8.3","132"
"129","Dan Bailey","K","FA","4","4","12","0","16","8","6","16","5","8","3","-","7","10","16","4","13","8.3","132"
"131","Brandon McManus","K","JAC","10","8","4","6","10","13","0","7","7","BYE","13","4","15","8","3","9","14","8.2","131"
"132","Greg Zuerlein","K","NYJ","15","9","10","13","12","1","15","6","-","4","5","7","10","4","1","9","8","8.1","129"
"133","James Conner","RB","ARI","8.5","12","5.7","22.5","11.5","27.4","-","22.5","-","-","2.1","BYE","-","-","13.1","3.2","-","12.9","128.5"
"134","Golden Tate","WR","FA","-","-","-","-","2.8","19.2","11","12.5","8.8","21.5","-","10.8","-","1.6","11.6","12.6","15.3","11.6","127.7"
"135","Randall Cobb","WR","NYJ","14.9","6","3.3","5.6","6.8","-","3.9","-","4.5","19.6","19.5","10.6","6.8","5.3","0.2","9.8","10.6","8.5","127.4"
"136","Indianapolis Colts","DST","IND","7","5","2","3","10","BYE","9","7","8","8","10","4","10","11","-1","30","4","7.9","127"
"137","Jamaal Williams","RB","NO","2.5","11.6","9.2","0.5","-","21.6","11.1","17.1","13.9","6.3","-","11.5","8.7","2.4","3.8","6.2","-","9","126.4"
"138","Damien Williams","RB","FA","15.5","7.1","-","-","5.3","8.5","1.6","9","19.8","11.4","1.8","-","-","-","-","16.7","29.4","11.5","126.1"
"139","Chris Boswell","K","PIT","3","9","9","10","12","6","BYE","11","16","5","1","11","8","11","5","5","4","7.9","126"
"140","Tyler Higbee","TE","LAR","10","3.1","-","6.1","6.2","4","1.3","1.3","BYE","3.7","0","4.5","20.2","15.1","17.1","14.9","18.4","8.4","125.9"
"141","Tevin Coleman","RB","FA","6.6","-","-","-","15.7","13.1","7.1","36.8","4.6","9.2","7.7","11.9","2","0.6","4","3.3","2.3","8.9","124.9"
"142","Tarik Cohen","RB","FA","8.9","3.5","3.4","8.8","7.9","-","7.4","6.1","2.6","11.7","15.9","8.9","5.5","6.1","12","4.8","10.9","7.8","124.4"
"143","Seattle Seahawks","DST","SEA","12","3","2","16","3","9","2","9","3","18","BYE","17","6","11","7","4","2","7.8","124"
"144","Dede Westbrook","WR","FA","11.7","0.8","7.5","9.1","11.7","6.8","14.7","0","-","-","5.2","10.9","16.5","5.5","3.1","1.5","18.7","8.2","123.7"
"145","David Johnson","RB","FA","22.7","7.9","15.5","17.9","17.1","25.2","0.2","-","-","-0.5","0","-","3.4","12.3","0.6","1.2","-","9.5","123.5"
"146","Marquise Brown","WR","ARI","28.7","12.6","5.9","4.2","9.7","-","-","-","6.3","16","3.3","18.7","0.6","1.3","12.5","1.1","2.5","8.8","123.4"
"147","Hunter Henry","TE","NE","8","-","-","-","-","26","12.7","6.7","11.9","11","11.9","-","2","10.9","1.9","7","12.7","10.2","122.7"
"148","Tyrell Williams","WR","FA","19.5","13.1","10.4","11.1","-","-","-","16.6","6.3","4","10.2","2.8","1.4","5","11.5","10.2","0","8.7","122.1"
"149","Royce Freeman","RB","FA","6.6","12.7","9.3","7","7.7","10.1","14.7","11","1.9","-","5","3.9","4.4","10.2","4.6","10.7","0.9","7.5","120.7"
"150","Breshad Perriman","WR","IND","2","0","2.4","0","-","BYE","-","0","12.2","2.7","2.5","4.9","11.2","14.5","32.1","13.7","21.9","8.6","120.1"
"151","Joey Slye","K","WAS","12","16","8","13","4","4","-","4","6","6","3","10","3","10","8","8","4","7.4","119"
"152","Mason Rudolph","QB","PIT","-","12.2","15.5","16.9","9.2","-","BYE","17","11.1","13.6","10.3","2.8","-","-","-","9.2","-","11.8","117.8"
"153","Jason Myers","K","SEA","3","4","3","9","7","8","10","12","8","11","BYE","5","13","6","6","9","3","7.3","117"
"153","Randy Bullock","K","FA","8","5","6","3","12","5","5","4","-","8","5","4","9","15","8","9","11","7.3","117"
"155","Austin Seibert","K","FA","1","13","7","11","3","2","-","8","13","8","3","12","7","11","7","4","6","7.3","116"
"155","Robbie Gould","K","FA","12","11","6","-","8","8","9","9","4","-","-","-","5","13","12","10","9","8.9","116"
"157","Dallas Goedert","TE","PHI","2.6","-","0","8.6","1.6","7.3","12.9","9.7","5.9","BYE","11.1","4.7","9.6","5.6","8","19.6","8.5","7.7","115.7"
"158","Jason Sanders","K","MIA","6","0","6","4","BYE","4","3","2","6","13","2","6","13.6","24","9","8","9","7.2","115.6"
"159","Mason Crosby","K","FA","4","3","11","9","10","12","6","7","5","7","-","0","8","8","3","10","12","7.2","115"
"160","Zach Pascal","WR","ARI","0","0","12.3","9.2","2.5","-","25.6","1.1","16.1","3.6","2.7","0","14.4","17.9","6.4","1.1","1.9","7.2","114.8"
"161","Sterling Shepard","WR","NYG","7.2","-","23.6","13.4","7.2","-","-","-","-","-","BYE","6.2","11.5","5.6","15.6","16.6","6.4","11.3","113.3"
"162","Philadelphia Eagles","DST","PHI","1","7","2","5","35","1","1","12","6","BYE","2","11","1","3","9","8","9","7.1","113"
"163","Sammy Watkins","WR","FA","42.3","7.9","8.9","4.9","0","-","-","7","9.8","7.6","3.6","-","0","7","8.4","3.8","1.3","8","112.5"
"164","James Washington","WR","NO","6.1","3.3","2.4","0","6.7","-","-","2.6","8.9","16","6.4","17.3","19.1","5.3","10.8","6.6","0","7.4","111.5"
"165","Mike Gesicki","TE","NE","4.1","1.6","2.4","0","-","6.6","6.1","2","12.5","2.3","3.8","10.3","16.4","1.1","6.7","23.2","11.4","6.9","110.5"
"166","Ka'imi Fairbairn","K","HOU","4","7","3","4","13","6","12","10","11","BYE","1","8","4","8","6","11","2","6.9","110"
"166","Green Bay Packers","DST","GB","14","12","13","-1","9","3","2","4","2","8","BYE","-1","10","7","13","11","4","6.9","110"
"168","Danny Amendola","WR","FA","19.9","0","5.7","-","-","1.1","14.5","13.5","4.4","4.9","6.7","3.6","4.7","5.9","14.2","3.1","7.4","7.3","109.6"
"169","William Fuller V","WR","FA","7.9","6","7.6","3.8","46.7","6.9","1.1","-","-","-","-","17.5","1.3","-","8.6","2.1","-","10","109.5"
"170","Jake Elliott","K","PHI","6","7","6","4","7","10","4","5","10","BYE","5","3","13","5","7","5","12","6.8","109"
"170","Hunter Renfrow","WR","LV","2.3","5","4.3","2.8","1.7","-","2.4","16.8","14.4","6.2","9.1","4.6","-","-","-","20.2","19.2","8.4","109"
"172","Peyton Barber","RB","FA","5.5","15.4","6.5","7.9","9.6","2.8","-","3.3","1.5","11.2","8.1","3.2","18.4","6.3","5","-0.7","4.5","6.8","108.5"
"173","Case Keenum","QB","HOU","27.2","16.7","14.6","0.5","-","15.6","3.1","3.2","-","BYE","-","-0.1","-","-","-","16.4","11.2","10.8","108.5"
"174","Jason Witten","TE","FA","9","10.5","6.9","5","4.4","8.2","5.3","-","9.8","2.7","5.8","1","15.2","6.2","11.6","2.4","4.4","6.8","108.4"
"175","Dustin Hopkins","K","LAC","11","3","3","3","1","5","0","10","9","-","4","14","12","5","12","5","11","6.8","108"
"176","Mecole Hardman Jr.","WR","NYJ","0","14.1","17.4","-0.1","9.3","6.5","9.8","12.5","-1.3","12.8","2.3","-","0.9","11.3","1.5","0","9.5","6.7","106.5"
"177","Jordan Howard","RB","FA","6.5","3.1","9.7","31","12.2","4.9","6.6","17.6","14.8","-","-","-","-","-","-","-","0","10.6","106.4"
"178","Brett Maher","K","FA","5","7","7","4","6","14","15","-","15","6","9","10","1","6","-","-","-","8.1","105"
"179","LeSean McCoy","RB","FA","9.8","3.8","21.5","15.9","1.3","5.4","8.6","6.3","1.4","-","13.7","-","10.5","4.8","1.6","-","-","8","104.6"
"180","DeAndre Washington","RB","FA","0.8","4.5","2.2","3.6","11.1","-","4.6","3.2","3.3","2.9","2.3","2.4","6.4","18.6","3.2","17.6","17.2","6.5","103.9"
"181","Stephen Hauschka","K","FA","6","4","8","1","2","-","13","1","7","2","15","8","9","11","5","5","6","6.4","103"
"181","Jacksonville Jaguars","DST","JAC","-4","8","15","2","4","7","17","15","5","BYE","6","1","6","-3","5","5","14","6.4","103"
"181","Eddy Pineiro","K","CAR","3","15","7","10","3","-","6","10","2","2","1","7","6","7","7","4","13","6.4","103"
"184","T.Y. Hilton","WR","FA","24.7","12.3","16.5","-","5.7","-","16.4","6.4","-","-","-","3.3","-","-","4.5","4.1","8.7","10.3","102.6"
"185","Chicago Bears","DST","CHI","9","5","21","17","4","BYE","3","4","4","8","5","4","5","2","1","1","9","6.4","102"
"186","Anthony Miller","WR","PIT","0","0.7","2","2.1","7.2","-","6.8","8.2","0","1.2","8.4","10.7","18.5","11.7","22.3","0.7","1","6.3","101.5"
"187","Denver Broncos","DST","DEN","0","1","0","5","10","23","1","7","3","BYE","9","4","8","15","5","5","5","6.3","101"
"188","Alshon Jeffery","WR","FA","19.6","0","-","11.3","8.2","18.6","4.8","8.4","5.6","-","-","-","24.2","0","-","-","-","10.1","100.7"
"189","Kenny Stills","WR","FA","11.2","4.8","10.9","3.4","-","-","12.5","3.7","7.2","-","4.7","1.1","13.6","1.8","17","8.2","-","7.7","100.1"
"190","Adam Thielen","WR","CAR","11.8","10","19.1","1.6","28.5","14.7","9","-","0","-","-","-","-","-","4.5","0.2","-","9.9","99.4"
"191","Dallas Cowboys","DST","DAL","6","1","12","11","1","4","15","BYE","18","0","3","6","4","5","4","2","7","6.2","99"
"192","Atlanta Falcons","DST","ATL","0","10","1","0","-2","-1","-1","2","BYE","10","26","5","0","14","11","9","14","6.1","98"
"193","Greg Olsen","TE","FA","5.6","14","22.5","1.5","0","7.2","-","2.3","5.5","13.8","8.2","6.9","3.7","-","-","4.3","2.2","7","97.7"
"194","Daniel Carlson","K","LV","6","4","2","7","7","-","7","7","7","9","5","4","3","3","10","7","9","6.1","97"
"195","Brandin Cooks","WR","DAL","4.9","15.1","16","10.1","6.1","4.7","7.9","0","-","-","-","4.3","3.4","0","6.6","11.9","5.5","6.9","96.5"
"196","Nyheim Hines","RB","BUF","3.7","1.9","4.4","7.5","6.5","BYE","2.1","6.1","3.3","6.4","11","7.1","11","2.5","2.2","13.1","7.1","6","95.9"
"197","Carolina Panthers","DST","CAR","4","6","13","14","14","21","BYE","3","11","2","2","3","6","-3","3","-1","-3","5.9","95"
"198","Mohamed Sanu Sr.","WR","FA","8.2","3.6","10.7","13.6","12.8","4.4","0.8","3.3","19.1","-","2.2","-","2.9","1.8","2.3","3.9","5","6.3","94.6"
"199","Kyle Rudolph","TE","FA","0","2.4","1.6","1.7","0.9","5.1","14.3","3.2","9.8","17.4","15.2","-","13","2.1","6.3","1.2","0","5.9","94.2"
"200","Washington Commanders","DST","WAS","0","2","5","9","5","10","8","6","2","BYE","5","21","11","7","3","-1","1","5.9","94"
"200","Houston Texans","DST","HOU","2","10","8","10","9","5","2","0","19","BYE","-4","2","5","2","6","22","-4","5.9","94"
"202","Matt Breida","RB","NYG","3.7","13.7","9.8","-","26.4","8.3","4.1","5.5","10.2","3.5","BYE","-","-","6.3","0.7","0","1.6","7.2","93.8"
"203","Corey Davis","WR","NYJ","0","5.3","5.9","17.6","3.8","5.1","17","1.9","6.8","-","-","3.9","2.8","4.4","7.2","5.5","6.4","6.2","93.6"
"204","Darren Fells","TE","FA","0","1.4","13.4","1.7","15","9.9","3.7","20.8","6.6","-","2.3","2.9","9.3","1.2","0.7","4.2","0","5.8","93.1"
"205","Sam Ficken","K","FA","-","4","2","-","0","6","0","1","13","12","4","10","7","12","1","13","8","6.2","93"
"205","Younghoe Koo","K","ATL","-","-","-","-","-","-","-","-","BYE","15","11","11","8","18","6","6","18","11.6","93"
"207","Taysom Hill","TE","NO","8.2","2.6","1.5","1.6","2.1","1.7","9","13.8","BYE","2.6","0.9","0.5","17.5","3","11.3","5","11.4","5.8","92.7"
"208","Steven Sims Jr.","WR","HOU","0","2.4","3.4","0","13.6","0.1","2","0","1.7","BYE","1.6","6","4.4","6","13","22.3","16","5.8","92.5"
"209","Teddy Bridgewater","QB","FA","0","7.1","16.3","7.5","28.3","13.6","19.9","-0.2","-","-","-","-","-","-","-0.3","-","0.3","9.2","92.5"
"210","JuJu Smith-Schuster","WR","NE","10.8","10.9","15.6","3","15","1.2","-","18.8","3.1","5.9","3.1","-","-","-","-","3.2","1.6","7.7","92.2"
"211","Noah Fant","TE","SEA","3.4","5.3","3.2","10.1","1.1","2.6","1.2","5.1","19","-","7.3","2.9","1","19.3","6.6","2","0.9","5.7","91"
"211","Cleveland Browns","DST","CLE","0","13","9","10","3","4","BYE","5","5","2","16","8","4","11","-2","1","2","5.7","91"
"211","Chase McLaughlin","K","TB","-","-","-","-","8","5","10","5","-","12","7","14","-","11","1","8","10","8.3","91"
"214","Jack Doyle","TE","FA","2.5","3.1","6.6","10.2","3.4","-","3.6","8.1","9.7","11.9","0","4.3","16.3","3.7","3.1","2.7","1.1","5.6","90.3"
"215","Joe Flacco","QB","FA","14.8","16.7","6","23","9","6","6.5","7.9","-","-","-","-","-","-","-","-","-","11.2","89.9"
"216","Gus Edwards","RB","BAL","5.6","1.1","7.8","4.1","2.8","3.4","3.5","BYE","8.7","1.7","17.2","5.5","2.7","2","3.5","7.8","11.7","5.6","89.1"
"217","Frank Gore","RB","FA","2","15.3","15.9","10.9","7.9","-","7.1","3.4","1.5","2.1","5","6.5","3","0.6","1.5","0","5.7","5.5","88.4"
"218","Rex Burkhead","RB","FA","11","7.8","15.9","1.2","-","-","-","1.8","3.9","-","5.8","2.7","1.5","1.5","12.9","15.7","5.9","6.7","87.6"
"219","Evan Engram","TE","JAC","23.1","7.8","20.3","7.4","7.7","-","1.1","12","8","BYE","-","-","-","-","-","-","-","10.9","87.4"
"220","Jonnu Smith","TE","ATL","2.2","0","3","1","6.2","1.3","7.9","16.8","3.3","5","-","0.4","1","10.4","14.2","13.8","0.7","5.5","87.2"
"221","Marcus Mariota","QB","PHI","24.3","13.4","15.6","23.3","8.6","0.9","-","-","-","BYE","-","-","-","-","-","-","1","12.4","87"
"222","Phillip Dorsett II","WR","LV","23.5","5.4","15.5","2.9","0","-","12.1","5.8","2.3","-","10.8","-","2.5","0","0","0","5.5","6.2","86.3"
"223","New York Giants","DST","NYG","-4","2","7","24","4","13","10","8","3","1","BYE","7","-1","5","8","-1","0","5.4","86"
"224","Allen Lazard","WR","NYJ","0","0","0","0","0","14.5","5.7","6.7","5.9","4.2","-","3.3","17.8","2.9","2.4","7","14.9","5.3","85.3"
"225","Tyler Eifert","TE","FA","5.2","8.4","2.3","3.7","2.4","2.3","2","10.4","-","9","3.6","1.2","1.7","6.9","5.9","15.7","4.4","5.3","85.1"
"226","Boston Scott","RB","PHI","-","-","-","-","-","3","4.2","4.6","0","BYE","2.6","0","0","21.8","10","4.9","33.8","7.7","84.9"
"226","Demarcus Robinson","WR","FA","0.5","32.2","11.8","5.5","4.6","0","4.6","1.6","1","7.6","0","-","0","1.7","3.1","1.8","8.9","5.3","84.9"
"228","Dwayne Haskins","QB","FA","-","-","-","3.6","-","-","-","0.3","7.2","-","18.1","6","6.5","9.7","19","13.3","-","9.3","83.7"
"229","Kareem Hunt","RB","FA","0","-","-","-","-","-","-","-","-","10.9","8.8","11.6","15","13.8","11.6","6.1","5.1","9.2","82.9"
"230","Kendrick Bourne","WR","NE","1.4","0.9","2.7","-","3.4","1.6","8.4","1.7","7.2","14.2","11.1","3.7","5.7","15.3","1.6","3.9","0","5.2","82.8"
"231","Jaylen Samuels","RB","FA","1.1","3.6","0","19.5","2","-","-","-","12.8","5.5","13","4.7","6.4","4.4","0.9","5.9","2.1","5.9","81.9"
"232","Tony Pollard","RB","DAL","2.4","3","20.3","0","1.9","1.3","2.8","BYE","3.5","-0.4","15.6","4.3","0.7","-","21.3","-2","7","5.4","81.7"
"232","Jimmy Graham","TE","FA","10.5","0","0","15.1","5.6","2.7","14.5","3.5","3.7","6.9","-","1.2","2.1","6.4","0.5","2.1","6.9","5.1","81.7"
"234","Auden Tate","WR","ARI","0","1.1","9.8","7","10.1","11.6","8","9","-","5.1","7.6","1.5","8.6","2.1","-","-","-","6.3","81.5"
"235","Ryan Griffin","TE","FA","2.5","0","1","-","0.7","10.3","0.6","22.6","8","0.3","19.4","8.8","5.5","1.3","-","-","-","6.2","81"
"235","John Ross","WR","KC","31.3","19.2","1.2","5.1","-","-","-","-","-","-","-","BYE","-","3.8","3.4","12","5","10.1","81"
"235","Los Angeles Chargers","DST","LAC","2","8","4","11","14","3","4","9","7","3","3","BYE","2","6","1","3","1","5.1","81"
"238","Adam Vinatieri","K","FA","5","1","10","6","13","-","4","14","4","6","7","5","5","-","-","-","-","6.7","80"
"238","Kerryon Johnson","RB","FA","7.2","15.8","10.8","14.7","-","13.1","2.3","-","-","-","-","-","-","-","-","4.8","11.3","10","80"
"240","Willie Snead IV","WR","SF","11.1","1","6.2","13.1","7.1","3.3","0.2","-","2.5","2.2","2.3","14.4","1.7","8.8","2","0","3.7","5","79.6"
"241","Detroit Lions","DST","DET","7","9","13","5","BYE","7","-4","11","0","6","-1","8","3","2","3","6","3","4.9","78"
"242","Chase Edmonds","RB","TB","0.5","2.7","3","3.7","16.1","13.7","34","2.3","-","-","-","-","0","0.9","0","0","-0.1","5.9","76.8"
"243","Taylor Gabriel","WR","FA","3.4","3","29.2","-","-","-","1.1","7.3","8.4","11.8","9.2","2.4","-","-","-","-","-","8.4","75.8"
"244","Preston Williams","WR","FA","9.9","8.3","8.8","6.6","-","4.1","9.2","6.2","21.7","-","-","-","-","-","-","-","-","9.4","74.8"
"245","Alex Erickson","WR","FA","2.8","1.9","1.8","0","1.2","8.4","17.5","12.7","-","1.3","0.5","5.3","3.1","8","-0.9","8.5","2.6","4.7","74.7"
"246","Nelson Agholor","WR","BAL","2.1","20.7","19","0","2.5","6.2","3.4","3.4","3.6","-","6","-","7.6","-","-","-","-","6.8","74.5"
"247","Russell Gage","WR","TB","1.7","0","0","0","1.7","1.1","-0.2","9.3","-","4.3","4.2","11.6","13.7","2.7","5.8","8.1","10.3","4.6","74.3"
"248","Jacob Hollister","TE","FA","-","-","-","-","-","0","3.5","2.8","17.7","16.2","-","3.2","7.4","5.4","3.8","8.9","4.5","6.7","73.4"
"249","Cameron Brate","TE","FA","1.8","2","1.7","11.1","1.6","11.7","-","4.7","0","0","12.3","0","1","11","4.8","2.7","6.7","4.6","73.1"
"250","Chris Thompson","RB","FA","11.3","7.6","12.8","8","6.3","3","-","-","-","-","-","-","3.4","7.8","3.6","7.2","1.6","6.6","72.6"
"251","Aldrick Rosas","K","FA","5","2","6","6","4","2","3","2","12","1","-","2","8","5","4","5","5","4.5","72"
"252","Jordan Akins","TE","CLE","2.2","3.5","20.8","3.6","2.6","5.4","2.7","2.1","3.9","-","2","4.1","2.4","6.9","1.7","0","7.9","4.5","71.8"
"253","Rashaad Penny","RB","PHI","1.8","13","-","-","5.9","-","0","5.5","1.2","-1.8","-","18.9","24.7","2.1","-","-","-","7.1","71.3"
"253","Gerald Everett","TE","LAC","1.2","3.6","2.5","12.9","17.1","1.9","13","2.5","-","10.8","2.5","3.3","-","-","-","0","0","5.5","71.3"
"255","Eric Ebron","TE","FA","1.3","10","6.2","11.3","1.3","-","15","4.1","2.6","8.1","4.7","6.4","-","-","-","-","-","6.5","71"
"255","Drew Lock","QB","SEA","-","-","-","-","-","-","-","-","-","-","BYE","-","13.9","24.9","7.6","12.7","12","14.2","71"
"257","Ted Ginn Jr.","WR","FA","13.6","0","2.5","3.4","10.6","5.8","5.8","5.2","-","0.5","8.4","4.8","0","7","1.8","0","1.5","4.4","70.9"
"258","Marquez Valdes-Scantling","WR","KC","7.2","3.4","18.1","6.2","2.3","6.7","20.3","0.9","0","0","-","1.2","0","0","0","1.1","2.9","4.4","70.3"
"259","Las Vegas Raiders","DST","LV","4","3","-1","10","8","-","-3","3","6","17","13","2","0","-2","3","2","5","4.4","70"
"259","Blake Jarwin","TE","FA","11.4","2.7","0.8","6.4","0","1.6","6.6","-","10.7","5","4.8","3.2","1.9","8","5","1.9","0","4.4","70"
"261","Tajae Sharpe","WR","FA","0","3.4","8","0","1.7","0","8.9","9.3","4.1","2.5","-","0","-","4.5","3.8","21.4","1.8","4.6","69.4"
"262","Arizona Cardinals","DST","ARI","7","2","0","4","1","1","15","1","0","9","5","BYE","0","7","5","11","0","4.3","68"
"262","Adam Humphries","WR","FA","1","1","12.3","2.5","5","7.7","6","3.9","8.5","8.8","-","3.5","7.8","-","-","-","-","5.7","68"
"264","Albert Wilson","WR","FA","2.4","-","-","-","-","4","2.7","7","0.8","0.5","4.1","6.7","8.8","1","8.4","12.3","9.2","5.2","67.9"
"265","Allen Hurns","WR","FA","2.7","1.8","1.1","-","-","2.6","6.8","7.7","2.6","4.2","5.3","12.2","4.8","9.3","1.4","5.1","-","4.8","67.6"
"266","Cincinnati Bengals","DST","CIN","6","-2","5","2","1","9","2","0","BYE","-1","8","6","13","5","1","0","12","4.2","67"
"267","O.J. Howard","TE","LV","3.2","0","8.1","4.8","1.5","4.5","-","-","-","12.7","0","1.5","8.6","9.3","6.6","6.1","0","4.8","66.9"
"268","J.D. McKissic","RB","FA","3.4","0.2","4.4","4.6","-","2.1","7","1.6","14.7","8.5","6.8","3","3.9","3.8","1.9","0","0.9","4.2","66.8"
"269","Keelan Cole Sr.","WR","LV","0","0","0","2.4","0","0","6.7","8.2","10.5","-","6.1","2.8","1.6","1.7","9.1","3.4","14.2","4.2","66.7"
"270","Dawson Knox","TE","BUF","0.6","2.3","15.1","7.3","2.2","BYE","3.2","0","2.4","7.5","10.2","2.1","3.2","4.2","1.6","3.8","-","4.4","65.7"
"271","Jalen Richard","RB","FA","0.3","1.5","4.4","2.3","4.2","-","1.2","3.7","8.3","6.3","1.2","8.1","1.3","5.6","4.6","4.9","6.9","4.1","64.8"
"272","T.J. Hockenson","TE","MIN","22.1","1.2","0.6","10.2","-","4.1","4.7","2.6","7.1","6.2","1.1","0","4.8","-","-","-","-","5.4","64.7"
"273","Vance McDonald","TE","FA","5","19.3","1.5","-","4.9","1","-","3.4","11.5","2.8","4.8","0.6","3.6","0.8","-","2.4","2.9","4.6","64.5"
"274","Michael Badgley","K","DET","0","-","-","-","BYE","-","-","-","16","6","10","-","9","10","5","5","3","7.1","64"
"275","Bisi Johnson","WR","FA","0","0","0","5.5","6.3","2.1","12","3.7","6.9","3.5","6.5","-","0.6","7.4","3","1.1","4.9","4","63.5"
"276","Alexander Mattison","RB","MIN","4.9","2.5","11.8","1.8","5.2","4.3","1.8","7.4","0.6","5.9","0.5","BYE","9.3","7.4","-","-","-","4.9","63.4"
"277","Tre'Quan Smith","WR","NO","9.6","6.4","-","-","0","-","-","-","BYE","1.8","0","7.8","2.4","9.9","8.6","1.8","14.1","5.7","62.4"
"277","Will Dissly","TE","SEA","1.7","19.5","15.2","15.2","10.8","0","-","-","-","-","BYE","-","-","-","-","-","-","10.4","62.4"
"279","Brian Hill","RB","FA","-","-","-","0","0","-","3.5","8.9","-","13.6","4.3","4.2","5.2","12.2","1.6","6.6","2.1","5.2","62.2"
"280","Hayden Hurst","TE","CAR","5.6","6.6","2.4","4.9","5.2","0.9","1.5","-","2.5","3","2.6","0","3.6","14.8","2.4","1.4","4.5","3.9","61.9"
"281","Jeff Driskel","QB","ARI","0","-","-","-","-","-","-","-","-","18.6","27.5","15.6","-","-","-","-","-","15.4","61.6"
"282","Josh Gordon","WR","FA","14.8","2.9","11.4","6.1","8.4","1.2","-","-","-","3.7","-","1.5","1.5","4.4","5.3","-","-","5.6","61.2"
"283","Irv Smith Jr.","TE","CIN","0","0.4","7.5","1","0","3.9","8.5","3.6","5.3","5.9","9.5","-","1.1","3.6","7.8","1.4","1.6","3.8","61.1"
"284","David Blough","QB","ARI","-","-","-","-","-","-","-","-","-","-","-","BYE","18.3","10.2","10.3","8.7","13.4","12.2","60.9"
"285","Darrel Williams","RB","FA","0","0","13.4","17.1","0","5.7","1.6","1","0.1","2","11.3","-","8.1","-","-","-","-","5","60.3"
"285","Kaden Smith","TE","IND","-","-","-","-","-","0","-","-","0","0.6","-","10.2","10","1.9","5.3","18.5","13.8","6.7","60.3"
"287","Nick Folk","K","NE","-","-","-","-","-","-","-","-","8","BYE","9","9","-","4","12","12","6","8.6","60"
"288","Nick Boyle","TE","FA","4.1","1.9","7.8","1.4","0","2.8","2.5","-","11.2","9.8","3","1.2","0.9","8","0","3.9","1.1","3.7","59.6"
"289","Devlin Hodges","QB","FA","-","-","-","-","4.7","9.1","-","-","-","-","-","8.8","11.7","13.5","8.5","1.4","1.7","7.4","59.3"
"290","Geronimo Allison","WR","FA","0","8.5","0.4","13.4","3.8","5.5","5.3","1.2","3.1","2.1","-","2.4","3","1.6","2.9","2","3.2","3.7","58.4"
"291","Malcolm Brown","RB","FA","17.3","5.2","0.7","1.4","0.3","4","-","-","-","1","7.5","0","3","8.1","0","-0.1","9.7","4.2","58.1"
"292","Foster Moreau","TE","NO","3","0","0.6","10.5","6.6","-","9.4","1.5","6.8","0","7.8","0.8","2","8.9","-","-","-","4.5","57.9"
"293","Dare Ogunbowale","RB","HOU","5.3","1.4","3.8","3.1","3.3","10","-","0.6","7.8","3.9","2.5","1.2","2.2","5.3","2.1","4.9","0.4","3.6","57.8"
"294","Patrick Laird","RB","TB","-","0","0","0","-","0","0","0","0","2.9","8.8","2","14.8","10.6","6.4","2.3","8.9","3.8","56.7"
"295","Benny Snell Jr.","RB","FA","0","2.3","0.6","0.1","0","9.4","-","1.3","-","-","-","10.8","13.2","2.1","0.1","1.4","15.1","4.3","56.4"
"296","Damiere Byrd","WR","CAR","6.2","7.5","1.9","-","-","7","0.9","2.8","-","-","-","-","0","1.5","11.6","1.6","14.9","5.1","55.9"
"297","Dion Lewis","RB","FA","2.8","1.9","2.5","4","4","3.4","0.2","0.7","5.8","0","-","5","1.4","3.6","8.6","9.3","0.7","3.4","53.9"
"297","Derrius Guice","RB","FA","5.3","-","-","-","-","-","-","-","-","-","13.4","4.3","26.7","4.2","-","-","-","10.8","53.9"
"299","Giovani Bernard","RB","FA","7.3","1.8","2.2","3.9","4.1","3.4","1.4","5.5","-","-0.7","5.1","4.5","1.7","5.6","4.7","2.5","0.4","3.3","53.4"
"300","Josh Hill","TE","FA","0.3","0","0.9","4.4","5.4","1.3","11.8","5.4","-","0","1.8","1.7","0.7","7.4","7","0","5","3.3","53.1"
"301","Kelvin Harmon","WR","FA","4.1","0","0","2.4","0.9","1.3","0","1.7","1.1","-","7.8","5.8","6.6","3.5","3.2","8.7","4.8","3.2","51.9"
"301","Ricky Seals-Jones","TE","FA","-","0","1.9","15.7","0","12.2","-","0","2.2","-","0","0","0","2.7","14.4","2.8","0","3.7","51.9"
"303","Josh Reynolds","WR","DET","0","0","0","2.7","1.7","0","0","14.7","-","6.4","6.5","1.8","5.9","2.9","4.6","4.2","0","3.2","51.4"
"304","David Moore","WR","TB","0","-","3.4","1.4","7.5","5.1","1.9","3","2.8","0","-","4","13.5","2","0","2.5","4","3.4","51.1"
"305","Jordan Wilkins","RB","FA","0","9.1","-0.2","3.3","2.8","-","2","0.5","1.7","2","-","0","6.6","0.1","8.2","14.4","-","3.6","50.5"
"305","Paul Richardson Jr.","WR","FA","5.6","9.1","18.3","2.9","2.4","0","0","4.9","6.2","-","-","1.1","-","-","-","-","-","5.1","50.5"
"307","Miami Dolphins","DST","MIA","-3","3","2","0","BYE","1","1","4","8","11","2","-1","3","3","3","2","11","3.1","50"
"308","Isaiah McKenzie","WR","IND","0","11.4","2.4","0","6.2","BYE","2.1","-","2.7","2.9","4.6","1.8","4.9","4","0","2.1","4.7","3.3","49.8"
"309","DaeSean Hamilton","WR","FA","1.5","2.5","0","7.2","0","3.5","1.4","0","0","-","0","0","2.2","4.6","2.3","15.5","9","3.1","49.7"
"309","C.J. Uzomah","TE","NYJ","8.6","0","0","0","2.6","3.6","0","0.9","-","0","1.5","0","7.6","0.9","1.3","11.7","11","3.1","49.7"
"311","Seth Roberts","WR","FA","1.5","0","4.7","5.6","0","3.3","1.4","-","0","0","8","5.4","1","1.3","14.1","3.3","0","3.1","49.6"
"312","Jakobi Meyers","WR","LV","2.7","-","4.8","0","1.1","7.4","7.2","1","0","-","1.2","9.4","6.1","4","0","4","0","3.3","48.9"
"313","Mike Boone","RB","HOU","0","0","2.8","0","0","0","0","0","0","0","0","-","0","1.3","17.6","3.8","23","3","48.5"
"314","Marcus Johnson","WR","FA","0","-","-","-","-","-","-","-","-","1.4","11.8","0","7.5","18","4.7","0.7","4.1","5.4","48.2"
"314","Ty Johnson","RB","FA","0.6","4.6","1","1.9","-","0","7.7","4.3","5.1","2.4","1.1","3.1","4.4","1.5","2","2","6.5","3","48.2"
"316","Brandon Bolden","RB","LV","0.7","-","2.9","6.4","10.7","11.5","6.1","0","0","-","0","1.1","0","7","0","0","0","3.1","46.4"
"317","Greg Ward","WR","PHI","-","-","0","-","-","-","-","-","-","BYE","-","7","1","5.4","15.6","9.6","7.3","6.6","45.9"
"318","Justice Hill","RB","BAL","2.7","1.9","0.1","2.7","0.7","3.1","0","BYE","0.7","1.1","3.2","2.7","0.3","0.8","1.5","12.6","11.4","2.8","45.5"
"319","Jeff Wilson Jr.","RB","MIA","0","15.4","13.8","-","BYE","0","2","0.6","0.7","-","9","2.7","1.2","-","0","-","-","4.1","45.4"
"320","Kalen Ballage","RB","FA","1.7","1.7","3.2","0.7","-","6.7","6.7","2.4","1.9","6.5","10.2","3.1","0","-","-","-","-","3.7","44.8"
"321","Miles Boykin","WR","PIT","7","1.6","0","10.7","0","3.8","6.5","-","0","0","0","6.4","0","0","7","1.3","0","2.8","44.3"
"322","Ryquell Armstead","RB","FA","0.7","0","0","11.4","1.1","0.1","0.3","0.7","9","-","2.9","0","0","0.7","0.1","0.2","17","2.8","44.2"
"323","Jeremy Sprinkle","TE","FA","1.3","1.6","2.9","2.5","2.7","3.4","2.3","2.2","2.1","-","8.6","0.9","4.6","0","2.3","2.4","3.3","2.7","43.1"
"324","Pharoh Cooper","WR","FA","0","-","-","-","4.3","3.3","4.9","0","2.5","3.9","11","-","4.6","1","2.2","2.4","2.9","3.3","43"
"325","Bo Scarbrough","RB","FA","-","-","-","-","-","-","-","-","-","-","11.5","7.8","8.3","7.5","-","3.4","4.2","7.1","42.7"
"325","Wayne Gallman Jr.","RB","FA","11.6","0","1.3","24.8","1.4","-","0","2.5","0","1","-","0.1","-","-","-","-","-","4.3","42.7"
"327","Demetrius Harris","TE","FA","0","0.9","6.7","0","0.5","2","-","10.3","4","3.8","0","3","2.8","-","1.8","6.6","0","2.8","42.4"
"328","Matt Moore","QB","FA","-0.1","-","-","-","-","-","8.6","19","15","-","-","-","-0.1","-","-","-0.1","-","7","42.3"
"329","Keke Coutee","WR","FA","0","1.7","0","2.6","8.7","5.9","10.4","-","-","-","4","-","-","7.3","-","-","1.2","4.2","41.8"
"330","Tavon Austin","WR","FA","1.3","-","-","1.3","3.2","8.9","8","-","0","0.7","0","0","3.2","0","12.7","1","0.6","2.9","40.9"
"331","Kyle Juszczyk","RB","SF","0","1.6","6.6","BYE","3","-","-","-","-","0","9.8","0","0","3.7","7.7","2.8","5.4","3.4","40.6"
"332","Vyncint Smith","WR","IND","0","-","-","-","7.9","1","0","3.3","2.5","0","-2","2.7","3.3","4.2","5.5","4.7","7.1","2.9","40.2"
"333","Nick Foles","QB","FA","7","-","-","-","-","-","-","-","-","-","18.8","14.9","-1","-","-","-","-","9.9","39.7"
"334","Trey Quinn","WR","FA","11.3","5.6","5.5","2","1.3","1.8","4","2","1.4","-","3.9","0","0","-","-","-","-","3.2","38.8"
"335","Malik Turner","WR","IND","0","6.9","2.9","0","0","0","2.9","2.6","0","4.5","-","9.8","0","1.5","4.1","2.8","-","2.5","38"
"336","Jonathan Williams","RB","WAS","-","-","-","-","0","-","-","-","-","0.1","15.2","19.6","3","0","0","0","0","4.2","37.9"
"337","Chester Rogers","WR","FA","0","3.9","0","12.3","0","-","3.4","1.2","7.7","4.1","3.4","1.7","0","-","-","-","-","3.1","37.7"
"338","Isaiah Ford","WR","FA","0","-","-","1.9","-","0","0","-","-","-","-","-","0","12.2","3.6","9.3","10","4.1","37"
"339","Jakeem Grant Sr.","WR","CLE","-1.8","3.3","5.1","0.9","-","-","0","4.2","4.8","2.5","17.4","0","-","-","-","-","-","3.6","36.4"
"340","Marvin Hall","WR","FA","-","-","0","5.7","-","6.3","5.2","11.4","0.7","0","4.4","2.6","-","-","-","-","-","4","36.3"
"341","Ty Long","K","FA","7","4","9","16","0","0","0","0","0","0","0","-","0","0","0","0","0","2.3","36"
"342","KeeSean Johnson","WR","BUF","7.1","5.6","2.8","2.9","4","2.4","1.1","-","9.2","0","0.4","-","-","-","-","-","-","3.6","35.5"
"343","Justin Watson","WR","KC","0","0","0","1.8","0","0","-","0","0","0","0","0","0","14.4","2.7","12.8","3.7","2.2","35.4"
"343","Zay Jones","WR","JAC","2.8","1.9","4.3","1.4","0","-","-","3.7","3.9","1.5","4","1.5","2.4","1","1","2.9","3.1","2.4","35.4"
"345","Bennie Fowler III","WR","FA","6.5","9.6","1","0.8","-","-","5.5","3.1","3.7","4.6","-","-","-","-","-","-","-","4.4","34.8"
"346","Brandon Allen","QB","SF","-","-","-","BYE","-","-","-","-","17","-","14.4","3.1","-","-","-","-","-","11.5","34.5"
"347","James O'Shaughnessy","TE","FA","5.2","4.8","8.8","8.3","7.2","-","-","-","-","-","-","-","-","-","-","-","-","6.9","34.3"
"348","Scott Miller","WR","ATL","-","-","0","0","1.8","5.4","-","0","0","4.3","9.1","1.1","-","-","12.4","-","-","3.4","34.1"
"349","Jake Kumerow","WR","FA","0","1.7","-","-","1.4","2.7","12.4","5.8","0","3.3","-","0","0","0","5.4","0","1.2","2.4","33.9"
"349","Matt Schaub","QB","FA","0","-","-","-","-","0","6.5","21.4","-","-","-0.1","6.2","-","-0.1","-","-","-","4.8","33.9"
"351","Maxx Williams","TE","FA","2","2.6","0","2.6","1.2","10.9","1","1.4","1.7","2","0","-","0","0","0.9","4.6","2.8","2.1","33.7"
"352","Javon Wims","WR","ARI","0","0","1.3","7.6","0","-","7.1","0","0","0","1.6","0","8.1","0","0","4.1","3.8","2.1","33.6"
"353","Anthony Firkser","TE","NE","0","0","0","-","0","3","3.2","5.8","0","11.1","-","0","3.7","4.4","1.2","0","1","2.2","33.4"
"353","N'Keal Harry","WR","FA","-","-","-","-","-","-","-","-","-","-","3.3","7.5","0","1.7","10.7","4.9","5.3","4.8","33.4"
"355","DeSean Jackson","WR","FA","31.4","0","-","-","-","-","-","-","1","-","-","-","-","-","-","-","-","10.8","32.4"
"356","Marquise Goodwin","WR","CLE","1.2","15.2","5.1","-","7.1","2.5","0","-","-","0","1","-","0","-","-","-","-","3.6","32.1"
"356","Dontrell Hilliard","RB","FA","8.3","-","0","12.4","0","2.7","-","5.4","2.4","0","0","0","0","0","0","0.9","-","2.3","32.1"
"358","Damion Ratley","WR","FA","2.7","6","4.1","1.5","0","-","-","-","-","0","0","0","0","0","4.3","0","13.4","2.5","32"
"359","Ameer Abdullah","RB","LV","0.8","0.2","0","2.4","2.4","0","0","0","8.3","0","0.6","-","0","0.7","2.5","8.8","5.1","2","31.8"
"360","Logan Thomas","TE","WAS","0","1.2","2","4","-","0","0","2.2","1.8","2.9","0","9.4","0","3.1","0","2.7","2","2","31.3"
"361","Andy Isabella","WR","BAL","0","-","0","0.5","1.1","0","1.8","0","15.3","9.3","1.1","-","0","1","0.8","0","0","2.1","30.9"
"362","Ito Smith","RB","FA","4.5","5.5","0","10.1","9.4","0.6","0.7","-","-","-","-","-","-","-","-","-","-","4.4","30.8"
"363","Qadree Ollison","RB","JAC","-","-","-","-","-","-","-","-","-","0","7.1","9.2","0","0.6","6.1","6.3","0.9","3.8","30.2"
"364","Cordarrelle Patterson","RB","ATL","0.6","5","2.5","1.2","0.5","-","9.3","1.6","1","0","0","0","0","3.3","1.1","2.6","1.4","1.9","30.1"
"365","Stephen Gostkowski","K","FA","16","7","6","1","-","-","-","-","-","-","-","-","-","-","-","-","-","7.5","30"
"365","Mike Nugent","K","FA","0","-","-","-","9","5","7","9","-","-","-","-","-","-","-","-","-","6","30"
"367","Tim Patrick","WR","DEN","0","-","-","-","-","-","-","-","-","BYE","9.7","0.8","0","6","4.1","7.3","1.9","3.7","29.8"
"368","Parris Campbell","WR","NYG","1.3","7.7","3.9","3","-","-","-","0","10.5","-","BYE","-","-","2.7","-","-","-","4.2","29.1"
"368","Marcedes Lewis","TE","FA","2.4","0","2.4","2.9","2.7","6","0","1.6","0","0","-","0","6.6","1","1.1","0.7","1.7","1.8","29.1"
"368","C.J. Ham","RB","MIN","0","0","0.5","2.5","0.4","0","7.9","0","4.7","-0.1","1.1","BYE","3.2","3","3.3","2.2","0.4","1.8","29.1"
"371","Dante Pettis","WR","CHI","1.2","0.6","10","-","1.6","6","0","1","8.6","0","0","0","-","-","-","-","-","2.6","29"
"371","Justin Hardy","WR","FA","6.1","0","1.1","0","1","0","2.9","3.3","-","0","2.4","0","4.3","2.4","0","0","5.5","1.8","29"
"371","Byron Pringle","WR","FA","0","0","1.2","1.8","19.3","3.4","0","0","0","0","1.4","-","0","1.9","0","0","0","1.8","29"
"374","Laquon Treadwell","WR","BAL","0","-","-","0","0","2","0","0.6","7.3","1.5","0","-","12.3","5.2","0","0","0","2.1","28.9"
"375","Dan Arnold","TE","PHI","0","-","-","-","-","-","0","3.5","-","BYE","-","-","-","-","7.1","2.5","15.6","4.8","28.7"
"376","Duke Williams","WR","FA","-","-","-","-","10.9","-","2.8","1.1","-","-","-","-","-","-","-","-","13.8","7.2","28.6"
"376","Ross Dwelley","TE","SF","0","0","0","BYE","0.7","0","0.7","0","4.9","3.9","15.4","0","0","0","0","3","0","1.8","28.6"
"378","Chase Daniel","QB","FA","0","-","-","12.2","15.4","-","-","-","-","-","0.4","-","0","-","-","-","-","5.6","28"
"378","Cairo Santos","K","CHI","13","6","1","7","1","BYE","-","-","-","-","-","-","-","-","-","-","-","5.6","28"
"380","J.J. Arcega-Whiteside","WR","ATL","0","0.9","1.5","0","0","0","0","0","0","-","3.4","5.3","8","3.9","0","4.9","0","1.7","27.9"
"380","Myles Gaskin","RB","MIA","-","-","-","-","BYE","-","-","-","-","0.5","0","2.2","3.1","1.6","8.2","12.3","-","4","27.9"
"382","Darwin Thompson","RB","FA","0.8","0.1","0.8","0","-","0","-","0.4","-","1.2","-","-","10.4","6.3","4.4","1.4","1.8","2.3","27.6"
"382","Ian Thomas","TE","CAR","0","0","0","0","0","0","BYE","0","0","0","0","0.9","4.4","14.2","3.3","3.1","1.7","1.7","27.6"
"384","Ryan Succop","K","FA","0","-","-","-","-","-","-","-","2","3","-","6","7","6","3","-","-","3.9","27"
"385","Justin Jackson","RB","FA","6.6","6.9","5","-","-","-","-","-","1.9","-","-","-","-","2.5","2.7","-","1.1","3.8","26.7"
"386","Ryan Finley","QB","FA","-","-","-","-","-","-","-","-","-","9.9","6.3","10.5","-","-","-","-","-","8.9","26.7"
"387","Reggie Bonnafon","RB","FA","0","0","0.5","0","14","0","-","1.2","1.8","0","1.8","0","0","0.6","0","1.2","5.2","1.6","26.3"
"388","Derek Carrier","TE","FA","0","4.8","0","0","3.2","-","3.2","0","2.7","0","0","0","8","0","1","2.2","0.9","1.6","26"
"389","Benjamin Watson","TE","FA","-","-","-","-","-","-","3.3","3.1","4.8","-","6.7","0","2.8","1.2","0","3","0.9","2.6","25.8"
"389","Ty Montgomery","RB","NE","0.4","5.5","0.1","-","0.1","3.2","0.9","0","0","0","1.1","2.8","1.3","7.6","1.5","1.3","0","1.6","25.8"
"391","Matt LaCosse","TE","FA","0","4.3","-","0","2.7","0","-","-","-","-","1.3","1","2.9","2.4","3.7","7.3","0","2.1","25.6"
"392","Jaeden Graham","TE","FA","0","0","0","0","0","2.6","0","1.6","-","0","3.3","5.8","12.1","0","0","0","0","1.6","25.4"
"393","Nick Vannett","TE","FA","2.6","1.8","1.4","3.8","0","1","-","2","0","1.3","1.2","0","1.2","0","6.5","2.3","0","1.6","25.1"
"394","Brian Hoyer","QB","LV","0","-","-","-","-","-","-","-","16.3","9.2","-0.2","-","-","-","-","-0.2","-","5","25.1"
"395","Kalif Raymond","WR","DET","-","-","-","-","BYE","-","-","0","2.9","5.7","-","1.4","10.5","1.6","0.7","2.2","-","3.1","25"
"396","Dontrelle Inman","WR","FA","1","3.3","2.8","10.1","-","-","-","-","-","-","-","-","-","-","3.5","2.3","1.1","3.4","24.1"
"397","C.J. Prosise","RB","FA","0","3.5","6.8","6.4","-","0.8","1.7","-","-","-","-","-","-","0.2","3","1.4","-","2.6","23.8"
"398","Richie James Jr.","WR","KC","10.4","1.2","1.2","-","0","0","4.5","0","0","0","6.2","0","0","-0.1","0","0","0","1.5","23.4"
"398","Nick O'Leary","TE","FA","0","1.1","2.4","1.4","-","0.8","0","0","-","-","-","5.6","1.1","11","0","0","-","2","23.4"
"400","Vernon Davis","TE","FA","13.9","4.4","4","1","-","-","-","-","-","-","-","-","-","-","-","-","-","5.8","23.3"
"401","T.J. Yeldon","RB","FA","0","0","3.9","8.8","4.8","-","-","-","-","-","-","-","-","-","-","-","5.7","3.9","23.2"
"402","Josh Rosen","QB","FA","-0.8","2.9","9.3","10.2","-","1.4","-","-","-","0","-","-","-","-","-","-","-","3.8","23"
"403","Travis Homer","RB","CHI","0","0","0","0","0","0","0","0","0","0","-","0","2.9","0","0.7","7.2","11.7","1.4","22.5"
"404","Jesse James","TE","NO","2","3.3","1.8","0","-","1.3","1.2","0","0.8","0","0","1.2","0","2.8","4.6","1.7","1.5","1.4","22.2"
"405","Robert Tonyan","TE","CHI","3.3","0","0.9","1.6","2.8","BYE","-","-","-","-","-","1.8","0","7.7","1","0","1.9","1.9","21"
"406","Darrell Henderson Jr.","RB","FA","0","-","-","0","0","5.3","4.4","7.9","-","0.4","0","0","1.7","0","0","0.7","-","1.6","20.4"
"406","Ryan Izzo","TE","FA","0.8","0","4.6","0","10.9","4.1","-","-","-","-","-","-","-","-","-","-","-","3.4","20.4"
"408","Hale Hentges","TE","FA","-","-","-","-","-","0","0","1.8","0","-","0.5","0","0","0","0","9.8","8.2","1.8","20.3"
"409","Andrew Beck","TE","HOU","0","0","0","0","1.5","0","0","0","0","BYE","0","2.3","1.6","3.4","2.3","1.1","7.8","1.3","20"
"409","Seth DeValve","TE","FA","0","0","0","0","0","2.1","0","1.6","6.1","-","-","-","-","-","3.3","6","0.9","1.7","20"
"411","Devin Smith","WR","FA","0","14.9","4.9","0","-","-","-","-","-","-","-","-","-","-","-","-","-","5","19.8"
"412","DeAndre Carter","WR","LV","0.4","0","0","0","-2","0","0","5.1","1.3","-","0","0","0","0","0","5.4","9.5","1.2","19.7"
"413","Joshua Perkins","TE","FA","-","-","-","-","-","-","-","-","-","-","-","-","0","6.2","0","0","13","3.8","19.2"
"414","Olamide Zaccheaus","WR","PHI","-","-","-","-","-","0","-","0","-","0","0","0","0","15.8","0","0","3.2","1.9","19"
"414","Wendell Smallwood","RB","FA","0","2.3","0","1.9","2.7","0.4","4.6","2.5","1.3","-","1.6","0.8","-","0.4","0","0","0.5","1.3","19"
"416","Keelan Doss","WR","LAC","-","0","0","1.9","2.1","-","6.9","-","-","-","-","BYE","1.6","4.1","2.2","-","-","2.4","18.8"
"417","Virgil Green","TE","FA","0.9","1.4","0","-","1","2","1.4","1.5","0","0","1.3","-","0","7.9","0","0.9","0","1.2","18.3"
"418","MyCole Pruitt","TE","FA","0","0","0","0","0","0","0","0","0","0","-","2.5","0","4.7","0","2.5","8.3","1.1","18"
"418","Robert Griffin III","QB","FA","7.1","-","-","-","-","-","-","-","-","0.7","0.5","1.3","-","0","0.6","-","7.8","2.6","18"
"418","Cody Parkey","K","FA","0","-","-","-","-","0","6","12","-","-","-","-","-","-","-","-","-","4.5","18"
"421","AJ McCarron","QB","FA","0","-","-","-","-","-","-","-","-","-","0","-","-","-","-","-","17.9","6","17.9"
"422","Cam Newton","QB","FA","6.4","11.3","-","-","-","-","-","-","-","-","-","-","-","-","-","-","-","8.8","17.7"
"423","Mack Hollins","WR","ATL","0","7.5","8.2","1.8","0","0","0","0","0","-","0","0","0","0","0","0","0","1.1","17.5"
"424","Trey Edmunds","RB","FA","0","-","-","-","-","0","-","0","7.3","2.5","5.3","0.7","0","1.2","0","0","0","1.4","17"
"425","Deon Cain","WR","FA","4.5","0","1.5","0","1.2","-","0","-","0","-","-","4","1","2.7","0","2","0","1.3","16.9"
"426","Daniel Brown","TE","FA","0","0","0","-","0","0","0","0","0","0","8.5","0","1.4","1.2","0.9","0","4.7","1","16.7"
"426","Jesper Horsted","TE","LV","-","-","-","-","-","-","-","-","-","-","-","0.9","8.3","5.6","-0.6","2.5","0","2.8","16.7"
"428","Tyler Kroft","TE","MIA","0","-","-","-","BYE","-","0","4.2","0","0","1.1","1.9","0","0","7.9","0","1","1.3","16.1"
"429","Trey Burton","TE","FA","0","1.5","4","2.6","3.1","-","2.1","2.1","0","0","-","-","-","-","-","-","-","1.7","15.4"
"429","Tommy Sweeney","TE","NYG","4.5","0","0.8","0","0","-","-","-","-","-","BYE","-","-","-","-","-","10.1","2.6","15.4"
"431","Alec Ingold","RB","MIA","0","0","0","0.1","0.3","-","0","0.2","0.2","7.7","0.3","0","2.7","-0.1","3.7","0","0","0.9","15.1"
"432","Patrick Ricard","RB","BAL","6.6","0.8","0","0","0","1.1","0","BYE","1.3","0","4.2","0","0.7","0","0","0","0","0.9","14.7"
"433","Christian Blake","WR","FA","-","-","-","-","-","-","-","0","-","2.5","0.8","2.6","8.7","0","0","0","0","1.6","14.6"
"433","Brandon Zylstra","WR","FA","-","-","-","-","0","0","-","0","0","-","-","-","-","1.2","0","0.8","12.6","1.8","14.6"
"435","Antonio Brown","WR","FA","-","14.1","-","-","-","-","-","-","-","-","-","-","-","-","-","-","-","14.1","14.1"
"436","Ben Roethlisberger","QB","FA","10.7","3","-","-","-","-","-","-","-","-","-","-","-","-","-","-","-","6.9","13.7"
"437","Stephen Carlson","TE","CHI","-","-","-","-","-","BYE","-","-","0","0","7.3","1.3","3.8","0","0","1.2","0","1.5","13.6"
"437","Kerrith Whyte Jr.","RB","FA","-","-","-","-","-","-","-","-","-","-","-","4.3","1","5.5","0.5","2.2","0.1","2.3","13.6"
"439","Rashard Higgins","WR","FA","5.6","-","-","-","-","-","-","0.7","0","7.2","0","0","0","0","0","0","-","1.4","13.5"
"439","Danny Vitale","RB","FA","0","0","3.2","2.8","1.4","0","5.3","0","0","0","-","0.8","0","0","0","0","-","0.9","13.5"
"441","Mo Alie-Cox","TE","IND","0.8","0","3.5","0","1.5","BYE","0","0","1.6","0","0","0","0","1.3","0","2.6","2","0.8","13.3"
"442","Geoff Swaim","TE","FA","3.7","2.9","1.3","3.2","0.9","1","-","-","-","-","-","-","-","-","-","-","-","2.2","13"
"443","Antonio Callaway","WR","FA","0","-","-","-","0","3.2","-","2.1","7.6","-","-","-","-","-","-","-","-","2.6","12.9"
"444","Andy Janovich","RB","FA","0","-","-","0","0","1.3","2.7","1.9","0","-","6.9","-","-","-","-","-","-","1.6","12.8"
"444","Troy Fumagalli","TE","SF","0","1.2","0","BYE","-","-","-","-","1.4","-","6.8","0","0","0.8","1.2","0","1.4","1.2","12.8"
"446","Damion Willis","WR","FA","4.5","1.1","0","1.3","5.8","0","0","-","-","-","0","0","0","-","-","-","-","1.3","12.7"
"447","J.P. Holtz","TE","FA","0","-","0","1.2","2.1","-","0","0","0","0","0","0","0","7.1","0.4","1.8","0","0.8","12.6"
"447","David Njoku","TE","CLE","11.7","0","-","-","-","-","BYE","-","-","-","-","-","-","0.9","-","-","0","3.2","12.6"
"449","Deonte Harty","WR","BUF","0","-0.2","4","1","0","0","0","2.7","-","0","-","-","0","2.6","0.6","0.5","1.3","0.9","12.5"
"449","Braxton Berrios","WR","MIA","0","0","3.9","-","0","0","-1.4","0","0","0","0","7.4","1","0","0","0","1.6","0.8","12.5"
"451","D'Ernest Johnson","RB","JAC","4.6","6.5","0","0","1.1","0","-","0","0","0","0","0","0","0","0","0","0","0.8","12.2"
"452","Kenjon Barner","RB","FA","0","0","0.9","-","-","0","0","0.1","-","1.2","7.6","1.8","1.6","0","-1.1","0","0","0.9","12.1"
"452","Marcell Ateman","WR","BUF","0","-","-","-","0","BYE","4.1","-","3.9","0","0","0","0","0","0","0","4.1","1","12.1"
"454","Adam Shaheen","TE","FA","1.1","3.9","1.2","2.3","0","-","5.4","0","-2","-","-","-","-","-","-","-","-","1.5","11.9"
"454","Luke Willson","TE","FA","0","-","-","3.6","1.5","2.6","0","1.2","3","0","-","-","-","-","-","0","-","1.3","11.9"
"456","Derek Watt","RB","FA","0.4","0.8","-0.1","2.6","1.3","0","0","0.2","0","0.1","0","-","0","6.4","0","0","0","0.7","11.7"
"457","J.J. Nelson","WR","FA","0","-","11.6","-","-","-","-","-","-","-","-","-","-","-","-","-","-","5.8","11.6"
"458","Jamal Agnew","WR","JAC","-2","0","6","0","-","0.9","0","0","0","0","0","-","-","-","0","6","0.3","0.9","11.2"
"459","Lee Smith","TE","FA","0","1.3","0","0","7.3","-","1.4","1.1","0","0","0","0","0","0","0","0","0","0.7","11.1"
"460","Robert Foster","WR","FA","0","0","0","-","-","-","-","0","0","2.5","0","5.1","3.2","0","0","0","0","0.8","10.8"
"461","Blake Bell","TE","KC","1.2","0","0.6","0","0","0","0","0","0.7","0","-","BYE","0","0","5.1","2.5","0.6","0.7","10.7"
"461","Chris Hogan","WR","FA","0","1.7","1.1","1.1","-","-","-","-","-","-","-","-","-","-","1.8","2.6","2.4","1.5","10.7"
"463","Durham Smythe","TE","MIA","0","2.9","0","0","BYE","0","0","0","0","0","0","0","2.3","0.7","0","2.8","1.3","0.6","10"
"463","Trent Sherfield","WR","BUF","0","0","0","2","2.8","4.3","0.9","0","0","0","0","-","0","0","0","0","0","0.6","10"
"465","Tyler Conklin","TE","NYJ","0","0","0","0","0","0","0","0","0","0","3.8","-","1.8","2.8","0","0","1.4","0.6","9.8"
"466","KhaDarel Hodge","WR","ATL","0","0","0","0","0","0","-","0","1.5","0","4.6","0","0","0","0","1.1","2.4","0.6","9.6"
"466","Devontae Booker","RB","FA","0","0","0","0","0","0","0","0","1.9","-","0.4","0","0","3.4","0.5","0.7","2.7","0.6","9.6"
"468","Marshawn Lynch","RB","FA","0","-","-","-","-","-","-","-","-","-","-","-","-","-","-","-","9.4","4.7","9.4"
"469","Luke Stocker","TE","FA","0","0.9","2.7","0","0","0.5","0","2.3","-","0","0","0","-","0","1.4","0","1.5","0.6","9.3"
"470","Greg Joseph","K","MIN","0","-","-","-","-","-","-","-","-","-","-","BYE","-","-","-","4","5","3","9"
"471","Matt Barkley","QB","BUF","0","-","-","4.1","-","BYE","-","-","-","-","-","-","-","-","-","-","4.9","3","9"
"472","Alex Armah Jr.","RB","WAS","6.1","0","1.1","0","0.9","0.4","-","0","0","0","0","0","0.2","0","0","0","0","0.5","8.7"
"473","Andre Patton","WR","FA","-","0","-","3.2","0","-","0","0","0","0","0","-","1.3","0","1.3","2.8","0","0.7","8.6"
"474","Troymaine Pope","RB","FA","0","-","0","10.4","0","0","0","0","-","0","0","-","-2","0","0","0","0","0.6","8.4"
"474","Mike Davis","RB","FA","6.6","0.1","0.2","-","0","-","0","1.3","0","-","-","-","0","0","0","0","0.2","0.7","8.4"
"476","Cethan Carter","TE","FA","0","0","0","0","0","0","0","0","-","0","0","0","-","0","8.3","0","0","0.6","8.3"
"477","Tevin Jones","WR","FA","-","-","-","-","-","-","-","-","-","-","3.4","1.4","3.3","0","0","-","-","1.6","8.1"
"478","Chad Beebe","WR","FA","1.4","6.6","0","-","-","-","-","-","-","-","-","-","-","-","-","-","-","2.7","8"
"478","Ventell Bryant","WR","FA","-","-","-","-","0","0","0","-","0","0","0","0","8","0","0","0","0","0.7","8"
"480","Chris Lacy","WR","LV","0","0","-","-","-","-","-","-","-","-","-","-","0","0","5.3","0","2.2","1.1","7.5"
"481","Khari Blasingame","RB","CHI","-","-","-","-","-","BYE","-","-","-","-","-","0","0","5.7","0.5","0","1.2","1.2","7.4"
"482","Patrick DiMarco","RB","FA","1.9","0.9","0","0","0","-","3.6","0","0","0.9","0","0","0","0","0","0","0","0.5","7.3"
"483","DeAndrew White","WR","FA","-","-","-","-","-","-","-","1.3","0","0","0","0","0","0","0","1.7","4.1","0.7","7.1"
"483","Dwayne Washington","RB","FA","0","0","0","0","0","0","1.1","3.8","-","0","0","0","0","0","2","0","0.2","0.4","7.1"
"483","Cedrick Wilson Jr.","WR","MIA","-","0","0","0","BYE","7.1","0","-","-","-","-","-","-","0","-","-","-","1.2","7.1"
"486","Ryan Switzer","WR","FA","5.9","0.5","0","0","0","0.3","-","0","0","0","-","-","-","-","-","-","-","0.7","6.7"
"487","Deon Yelder","TE","FA","0","-","0","5.3","0","0","0","0","0","1.2","0","-","-","-","-","-","-","0.7","6.5"
"487","Devine Ozigbo","RB","FA","-","-","-","-","0","0","-","-","0","-","0","0","0","0","0","0","6.5","0.7","6.5"
"489","Brett Hundley","QB","FA","-","-","-","-","-","-","-","0","-","-","-","-","-","-","-","5.5","0.6","2","6.1"
"490","Tyrod Taylor","QB","NYG","0","0","0","0.2","0","-","-","-","-","-","BYE","-","0","6","-","-0.2","-","0.8","6"
"490","Travis Benjamin","WR","FA","2.2","0","1.5","-","1.8","0.5","-","-","-","-","-","-","-","-","-","-","-","1.2","6"
"492","Trevon Wesco","TE","TEN","0","0","0","-","0","0","0","0","0","2.2","0","0","0","0","0","3.7","0","0.4","5.9"
"493","Elijhaa Penny","RB","FA","0.3","0","0","1.2","2.9","1.1","0","0.3","0","0","-","0","0.2","0","-0.2","0","0","0.4","5.8"
"494","Alexander Hollins","WR","FA","-","-","-","-","-","-","-","-","-","-","-","-","0","0","0","0","5.6","1.1","5.6"
"495","Drew Sample","TE","CIN","0","3.5","0","0","0","0.4","0.8","0","BYE","0.8","-","-","-","-","-","-","-","0.6","5.5"
"496","Taiwan Jones","RB","FA","0","-","-","0","0","-","0","0","0","-","0","0","0","-","-","0","5.4","0.5","5.4"
"497","Will Grier","QB","DAL","-","-","-","-","-","-","-","BYE","-","-","-","-","-","-","-","7.7","-2.3","2.7","5.3"
"497","Jason Moore Jr.","WR","FA","-","-","-","-","-","5.3","0","0","0","0","0","-","-","0","0","0","0","0.5","5.3"
"497","Jordan Matthews","WR","FA","-","-","-","-","-","-","0","-","-","-","1.1","4.2","-","-","-","-","-","1.8","5.3"
"500","Colt McCoy","QB","ARI","0","-","-","-","5.3","-","-","-","-","-","-","BYE","-","-","-","-","-","2.6","5.3"
"501","Ross Travis","TE","FA","-","-","-","-","-","-","-","-","-","-","-","-","2.1","0.6","-","2.4","-","1.7","5.1"
"502","Steven Mitchell Jr.","WR","FA","0","-","-","-","-","-","-","0","0","-","-","-","-","-","-","-","4.7","1.2","4.7"
"502","Devin Funchess","WR","FA","4.7","-","-","-","-","-","-","-","-","-","-","-","-","-","-","-","-","4.7","4.7"
"502","Diontae Spencer","WR","NYJ","0","0","0","1.3","0.9","0","1","3.3","-1.5","-","0","0.5","0","0","0","0","-0.8","0.3","4.7"
"505","Johnny Mundt","TE","MIN","0","-","0","-","0","0","0","0","-","1.4","0","0","0","0","2.5","0","0.7","0.3","4.6"
"506","Cody Core","WR","FA","0","4.3","0","0","0","0","0","0","0","0","-","0","0","0","0","0","0","0.3","4.3"
"506","Paul Perkins","RB","FA","-","-","-","-","-","0","-","0.4","1.6","2.3","-","-","-","-","-","-","-","1.1","4.3"
"508","Mike Glennon","QB","FA","0","-","-","-","-","-","5.4","-","-","-","-","-1.2","-","-","-","-","-","1.4","4.2"
"508","Michael Crabtree","WR","FA","0","2.3","1.9","-","-","-","-","-","-","-","-","-","-","-","-","-","-","1.4","4.2"
"508","Andre Roberts","WR","FA","-","-","0","1.1","0.7","-","0","0","0","1.2","0","0","0","0","1.2","0","-","0.3","4.2"
"511","C.J. Board","WR","FA","-","-","-","-","-","-","0","-","2.8","-","-","-","-","-","1.3","-","0","1","4.1"
"511","Anthony Sherman","RB","FA","2","0","0","0","0.2","0","0.7","0","0","0","0","-","1.2","0","0","0","0","0.3","4.1"
"513","Donte Moncrief","WR","FA","2.2","0","-","0","-","1.6","-","0","-","-","0","0","0","-","-","-","-","0.5","3.8"
"514","Cam Sims","WR","LV","0","-","-","-","0","-","-","-","-","-","0","-","0","0","0","2","1.7","0.5","3.7"
"514","Nick Bawden","RB","NYJ","0.5","0","1.5","0.9","-","0","0","0","0","0.8","0","-","-","-","-","-","-","0.4","3.7"
"514","Pharaoh Brown","TE","IND","0","0","0","2.3","0","1.4","-","0","-","0","0","-","-","-","-","-","-","0.4","3.7"
"517","Chris Moore","WR","TEN","0","0","0","0","0","2.8","0.8","-","0","-","BYE","0","0","0","0","0","0","0.3","3.6"
"517","Tanner Hudson","TE","CIN","-","-","-","-","-","-","-","0","1.7","0","0","0","0","0","1.9","-","0","0.4","3.6"
"519","Codey McElroy","TE","FA","-","-","-","-","-","-","-","-","-","-","-","-","-","-","-","3.5","-","3.5","3.5"
"520","Ryan Grant","WR","FA","3.1","0.3","-","-","-","-","-","-","-","-","-","-","-","-","-","-","-","1.7","3.4"
"521","Stanley Morgan Jr.","WR","CIN","-","-","-","-","1.1","0","0","0.8","BYE","1.4","0","0","0","0","0","0","-","0.3","3.3"
"521","T.J. Logan","RB","FA","0","0","0","0","0","0","-","0","0.7","0.6","1.6","0.2","0.2","-","-","-","-","0.3","3.3"
"523","Tyler Ervin","RB","FA","0","0","0","0","-","-","0","0","-","-","-","-","-","0","0","1.1","2","0.3","3.1"
"523","Fred Brown","WR","FA","-","-","-","0","0","1","0","2.1","0","-","0","0","0","0","0","0","0","0.2","3.1"
"523","Eric Saubert","TE","MIA","-","-","-","-","BYE","-","-","-","-","-","-","-","-","-","-","1.6","1.5","1.6","3.1"
"526","Josh Oliver","TE","MIN","-","-","-","-","-","-","0","1.1","0.9","-","1","BYE","-","-","-","-","-","0.8","3"
"526","Jay Ajayi","RB","FA","0","-","-","-","-","-","-","-","-","-","-","1.6","0.9","0.5","-","-","-","0.8","3"
"528","Ashton Dulin","WR","IND","-","-","-","0","0","BYE","0","0","0","0","0","0","1.8","0","0.9","0","0","0.2","2.7"
"529","Keith Smith","RB","ATL","0","0","0","0","0","0.2","0","0","BYE","0","0.3","0","0.4","0","0","1.8","-0.1","0.2","2.6"
"530","Gunner Olszewski","WR","PIT","0","0","-2","0","0","4.4","0","0","-","-","-","-","-","-","-","-","-","0.3","2.4"
"530","Mike Thomas","WR","BAL","0","0","0","0","0","0","0","0","-","0","1.4","0","0","0","1","0","0","0.2","2.4"
"532","Cody Hollister","WR","TEN","-","-","-","-","-","-","-","-","-","0","BYE","-","2.3","0","0","0","-","0.5","2.3"
"532","Isaac Nauta","TE","FA","-","-","-","-","-","-","-","-","-","-","-","0","0","0.8","1.5","0","0","0.4","2.3"
"534","Levine Toilolo","TE","FA","0","0","0","-","0","1.3","0.7","0","0","0","0","-","-","-","0","0","0","0.2","2"
"535","Jeff Smith","WR","NYG","-","-","-","-","-","-","-","-","-","-","BYE","-","-","-","1.7","-","-","1.7","1.7"
"535","Sean Culkin","TE","FA","0","0","0","1.7","-","-","-","-","-","-","-","-","-","-","-","-","-","0.4","1.7"
"537","Chris Manhertz","TE","DEN","0","0","0","0","-","0","-","0","0","0","0","0","0","1.6","0","0","0","0.1","1.6"
"537","John Ursua","WR","FA","-","0","-","-","-","-","-","-","-","-","-","-","-","-","0","-","1.6","0.5","1.6"
"537","Antony Auclair","TE","FA","0","0","0","0","0","0","-","0","1.6","-","-","-","-","-","-","-","-","0.2","1.6"
"537","Samaje Perine","RB","DEN","0","0","0","0","0","0","-","-","-","BYE","-","-","-","-","-","-","1.6","0.2","1.6"
"541","Roosevelt Nix","RB","FA","0","-","-","-","-","-","-","1.4","0","-","-","-","-","-","-","-","-","0.5","1.4"
"542","Jordan Thomas","TE","CAR","0","-","-","-","-","-","BYE","-","-","-","-","0","0","0","0","-","1.3","0.2","1.3"
"543","Dwayne Harris","WR","FA","1.2","0","-","-","-","-","-","0","-","-","-","-","-","-","-","-","-","0.4","1.2"
"543","Josh Adams","RB","FA","-","-","-","-","-","-","-","-","-","0","0.6","0.6","-","-","-","-","-","0.4","1.2"
"543","Chris Herndon IV","TE","FA","0","-","-","-","-","-","-","-","-","1.2","-","-","-","-","-","-","-","0.6","1.2"
"543","Damien Harris","RB","BUF","-","-","0","-","-","BYE","1.2","-","-","-","-","-","-","-","-","-","-","0.6","1.2"
"547","Dalton Schultz","TE","HOU","0","0","0","0","0","1.1","0","-","0","0","0","0","0","0","0","0","0","0.1","1.1"
"547","Jaleel Scott","WR","FA","-","-","-","-","-","0","0","-","-","-","-","-","-","-","-","-","1.1","0.4","1.1"
"547","Dexter Williams","RB","FA","-","-","-","-","-","-","0.2","0","0","-","-","-","-","-","-","-","0.9","0.3","1.1"
"550","Jakob Johnson","RB","LV","-","-","0","0","1","0","-","-","-","-","-","-","-","-","-","-","-","0.3","1"
"550","Buddy Howell","RB","FA","0","0","0","0","0","0","0","0","0","-","0.5","0","0","0","0","0","0.5","0.1","1"
"550","Charles Jones","TE","FA","-","-","-","-","-","-","-","-","-","-","-","0","0","0","-","-","1","0.3","1"
"550","Tyrone Swoopes","TE","FA","0","-","-","-","-","-","-","-","-","-","-","0","0","0","0","-","1","0.2","1"
"554","Darrell Daniels","TE","FA","-","-","0","-","0","0","0","0","0","0","0.9","-","0","0","-","0","-","0.1","0.9"
"554","Zach Gentry","TE","PIT","-","-","0","0","-","0","BYE","-","-","-","-","-","-","-","0.9","-","-","0.2","0.9"
"554","Jordan Scarlett","RB","FA","0","-","-","0","0","0","-","0.9","0","0","0","0","-","-","-","-","-","0.1","0.9"
"554","Josh Ferguson","RB","FA","-","-","-","-","-","-","-","-","-","-","-","-","-","-","0.9","-","0","0.5","0.9"
"554","Krishawn Hogan","WR","FA","-","-","-","-","-","-","-","0","-","0","0","0","0","0","0","0.9","-","0.1","0.9"
"554","John Kelly Jr.","RB","CLE","0","-","-","-","-","0","0.9","0","-","-","-","-","-","-","-","-","0","0.2","0.9"
"554","Senorise Perry","RB","FA","-","-","-","-","-","-","0","0","0","0","0","0","0","0","0","0","0.9","0.1","0.9"
"561","Cyril Grayson Jr.","WR","FA","-","-","-","-","-","-","-","-","-","-","-","-","-","-","-","0","0.8","0.4","0.8"
"561","Ryan Nall","RB","FA","-","-","-","-","-","-","-","-","-","0","0","0","0","0","0","0","0.8","0.1","0.8"
"563","Josh McCown","QB","FA","-","1","-","-","-0.2","0","-","-","-","-","-","-","-","-","-","-","-","0.3","0.8"
"564","Tony Brooks-James","RB","FA","-","-","-","-","-","-","-","-","0","1.1","-0.4","-","-","-","-","-","-","0.2","0.7"
"565","Ryan Griffin","QB","FA","-","-","-","-","-","-","-","-","-","-","-","-","-","0.7","-0.1","-","-","0.3","0.6"
"565","Eric Tomlinson","TE","FA","0","0","0","-","-","-","0.6","0","-","-","-","-","-","-","0","0","0","0.1","0.6"
"567","Sean Mannion","QB","FA","-","-","-0.2","-","-","-","-","-","-","-","-","-","-","-","-0.3","-","1","0.2","0.5"
"568","Alfred Morris","RB","FA","-","-","-","-","-","-","-","-","0.4","-","-","-","-","-","-","-","-","0.4","0.4"
"569","James Develin","RB","FA","0","0.3","-","-","-","-","-","-","-","-","-","-","-","-","-","-","-","0.2","0.3"
"570","Trevor Siemian","QB","CIN","-","0.1","-","-","-","-","-","-","BYE","-","-","-","-","-","-","-","-","0.1","0.1"
"570","Trace McSorley","QB","NE","-","-","-","-","-","-","-","-","-","BYE","-","-","-","-","-","-","0.1","0.1","0.1"
"572","Chad Williams","WR","FA","-","-","-","-","-","-","-","-","-","-","-","-","-","0","-","-","-","0","0"
"572","Jeremy McNichols","RB","FA","-","-","-","-","-","-","-","-","-","-","-","-","-","-","-","-","0","0","0"
"572","Taywan Taylor","WR","FA","-","0","0","0","-","-","-","-","-","-","-","-","-","-","0","-","-","0","0"
"572","Ryan Santoso","K","FA","-","-","-","-","-","-","-","-","-","-","-","-","0","0","0","-","-","0","0"
"572","Travis Fulgham","WR","FA","-","-","-","-","-","-","-","-","-","-","-","-","-","-","0","0","0","0","0"
"572","Kendall Blanton","TE","KC","-","-","-","-","-","-","-","-","-","-","-","BYE","-","0","-","-","-","0","0"
"572","Jalen Guyton","WR","LAC","-","-","-","-","-","-","-","-","-","-","-","BYE","0","0","-","0","-","0","0"
"572","Deante Burton","WR","FA","-","-","-","-","-","-","-","-","-","-","-","-","-","0","-","0","0","0","0"
"572","Brandin Bryant","RB","FA","-","-","-","-","-","-","-","-","-","-","-","0","0","0","0","-","-","0","0"
"572","Joshua Dobbs","QB","CLE","0","-","-","-","-","-","BYE","-","-","-","-","-","-","-","-","-","-","0","0"
"572","Trayveon Williams","RB","CIN","-","-","-","-","-","0","0","0","BYE","0","0","0","0","0","0","0","0","0","0"
"572","Jaydon Mickens","WR","NYG","-","-","-","-","-","-","-","-","-","-","BYE","-","-","-","-","-","0","0","0"
"572","Equanimeous St. Brown","WR","CHI","0","-","-","-","-","BYE","-","-","-","-","-","-","-","-","-","-","-","0","0"
"572","Marcus Kemp","WR","WAS","0","-","-","-","-","-","-","-","-","BYE","-","-","-","-","-","-","-","0","0"
"572","Craig Reynolds","RB","DET","-","-","-","-","BYE","-","0","0","0","-","-","-","-","-","-","-","-","0","0"
"572","Stephen Anderson","TE","FA","-","-","-","-","0","-","-","-","-","-","-","-","-","-","-","-","-","0","0"
"572","Geno Smith","QB","SEA","-","-","-","-","-","-","-","-","-","-","BYE","-","-","-","-","-","0","0","0"
"572","Davion Davis","WR","FA","-","-","-","-","-","-","-","0","-","0","-","-","-","-","-","-","-","0","0"
"572","Tom Kennedy","WR","DET","-","-","-","0","BYE","-","-","-","-","-","-","-","-","-","-","-","-","0","0"
"572","Jace Sternberger","TE","FA","-","-","-","-","-","-","-","-","0","0","-","-","0","0","0","-","0","0","0"
"572","Kyle Nelson","TE","FA","0","-","-","-","-","-","-","0","0","0","0","0","0","0","0","0","0","0","0"
"572","Bryce Love","RB","FA","-","-","-","-","-","-","-","-","-","-","-","0","-","-","-","-","-","0","0"
"572","Evan Baylis","TE","FA","-","-","0","0","-","0","0","0","-","-","-","-","-","-","-","-","-","0","0"
"572","Juwann Winfree","WR","IND","-","-","0","-","-","BYE","-","0","0","-","-","-","-","-","-","-","-","0","0"
"572","Lil'Jordan Humphrey","WR","DEN","-","-","0","0","-","0","0","-","-","BYE","-","-","-","-","-","-","0","0","0"
"572","James Franklin","QB","FA","-","-","-","-","-","-","-","-","-","-","-","-","-","-","-","-","0","0","0"
"572","Brandon Wilson","S","FA","-","-","-","-","-","-","-","-","-","-","0","-","-","-","-","-","-","0","0"
"572","Gary Jennings Jr.","WR","CAR","-","-","-","-","-","-","BYE","-","-","-","0","-","-","-","-","-","-","0","0"
"572","Cullen Gillaspia","RB","FA","0","0","0","0","0","0","0","0","0","-","0","0","0","0","0","0","0","0","0"
"572","Nsimba Webster","WR","CHI","-","-","-","-","-","BYE","-","-","-","-","0","-","-","0","0","0","0","0","0"
"572","Josh Doctson","WR","FA","-","-","-","-","-","-","-","-","-","-","0","-","-","-","-","-","-","0","0"
"572","Austin Walter","RB","LV","-","-","-","-","-","0","-","-","-","-","-","-","-","-","-","-","-","0","0"
"572","Rod Smith","RB","FA","0","-","-","-","-","-","-","0","0","0","-","-","-","-","0","0","0","0","0"
"572","Rob Gronkowski","TE","FA","0","-","-","-","-","-","-","-","-","-","-","-","-","-","-","-","-","0","0"
"572","Graham Gano","K","NYG","0","-","-","-","-","-","-","-","-","-","BYE","-","-","-","-","-","-","0","0"
"572","Trenton Cannon","RB","FA","0","0","0","-","0","-","-","-","-","-","-","-","-","-","-","-","-","0","0"
"572","Kaare Vedvik","K","FA","0","-","-","-","-","-","-","-","-","-","-","-","-","-","-","-","-","0","0"
"572","River Cracraft","WR","MIA","0","0","-","-","BYE","-","-","-","-","-","-","-","-","-","-","-","-","0","0"
"572","Matt McCrane","K","FA","0","-","-","-","-","-","-","-","-","-","-","-","-","-","-","-","-","0","0"
"572","Derrick Willies","WR","FA","0","-","-","-","-","-","-","-","-","-","-","-","-","-","-","-","-","0","0"
"572","Brandon Dillon","TE","WAS","0","-","-","-","-","-","-","-","-","BYE","-","-","-","-","-","-","-","0","0"
"572","Jordan Reed","TE","FA","0","-","-","-","-","-","-","-","-","-","-","-","-","-","-","-","-","0","0"
"572","Josh Malone","WR","FA","0","-","-","-","-","-","-","-","-","-","-","-","-","-","-","0","0","0","0"
"572","Gehrig Dieter","WR","FA","0","-","-","-","-","-","-","-","-","-","0","-","0","-","-","-","-","0","0"
"572","C.J. Beathard","QB","JAC","0","-","-","-","-","-","-","-","-","BYE","-","-","-","-","-","-","-","0","0"
"572","Chad Kelly","QB","FA","0","-","-","-","-","-","-","-","-","-","-","-","-","-","-","-","-","0","0"
"572","Alex Ellis","TE","FA","0","-","0","0","-","-","-","-","-","-","-","-","-","-","-","-","-","0","0"
"572","Michael Burton","RB","DEN","0","-","-","-","-","-","0","0","0","BYE","0","0","0","0","0","0","0","0","0"
"572","Alex Collins","RB","FA","0","-","-","-","-","-","-","-","-","-","-","-","-","-","-","-","-","0","0"
"572","Matthew Slater","WR","NE","0","0","0","0","0","0","0","0","0","BYE","0","0","0","0","0","0","0","0","0"
"572","Lamar Miller","RB","FA","0","-","-","-","-","-","-","-","-","-","-","-","-","-","-","-","-","0","0"
"572","Corey Coleman","WR","FA","0","-","-","-","-","-","-","-","-","-","-","-","-","-","-","-","-","0","0"
"572","Jake Butt","TE","FA","0","-","-","-","-","-","-","-","-","-","-","-","-","-","-","-","-","0","0"
"572","Joe Webb III","QB","FA","0","-","-","-","-","-","-","-","-","-","-","-","-","-","-","-","-","0","0"
"572","Richard Rodgers","TE","FA","0","-","-","-","-","-","-","-","-","-","-","-","-","-","-","-","0","0","0"
"572","Jason Croom","TE","FA","0","-","-","-","-","-","-","-","-","-","-","-","-","-","-","-","-","0","0"
"572","Nate Sudfeld","QB","DET","0","-","-","-","BYE","-","-","-","-","-","-","-","-","-","-","-","-","0","0"
"572","Noah Brown","WR","HOU","0","-","-","-","-","-","-","-","-","BYE","-","-","-","-","-","-","-","0","0"
"572","Justin Hardee","WR","NYJ","0","0","0","0","0","0","0","0","-","0","0","0","0","0","0","0","0","0","0"
"572","Victor Bolden Jr.","WR","FA","0","-","-","-","-","-","-","-","-","-","-","-","-","-","-","-","-","0","0"
"572","Alex Smith","QB","FA","0","-","-","-","-","-","-","-","-","-","-","-","-","-","-","-","-","0","0"
"572","Beau Brinkley","TE","FA","0","0","0","0","0","0","0","0","0","0","-","0","0","0","0","0","0","0","0"
"572","Chad Henne","QB","FA","0","-","-","-","-","-","-","-","-","-","-","-","-","-","-","-","-","0","0"
"572","Taylor Heinicke","QB","ATL","0","-","-","-","-","-","-","-","BYE","-","-","-","-","-","-","-","-","0","0"
"572","Chandler Cox","RB","FA","0","0","0","0","-","-","0","0","0","0","0","0","0","0","-","-","0","0","0"
"572","JoJo Natson","WR","FA","0","0","0","0","0","0","0","0","-","0","0","0","0","-","-","-","-","0","0"
"572","D.J. Foster","RB","FA","0","0","0","0","0","0","-","-","-","-","-","-","-","-","-","-","-","0","0"
"572","Lance Lenoir Jr.","WR","FA","0","-","-","-","-","-","-","-","-","-","-","-","-","-","-","-","-","0","0"
"572","Jordan Franks","TE","FA","0","-","-","-","-","-","-","-","-","-","-","-","-","-","-","-","-","0","0"
"572","Mason Schreck","TE","HOU","0","-","-","-","-","-","-","-","-","BYE","-","-","0","-","0","-","-","0","0"
"572","Darvin Kidsy","WR","FA","0","-","-","-","-","-","-","-","-","-","-","-","-","0","-","0","0","0","0"
"572","A.J. Green","WR","FA","0","-","-","-","-","-","-","-","-","-","-","-","-","-","-","-","-","0","0"
"572","Logan Paulsen","TE","FA","0","-","-","-","-","-","-","-","-","-","-","-","-","-","-","-","-","0","0"
"572","Daurice Fountain","WR","CHI","0","-","-","-","-","BYE","-","-","-","-","-","-","-","-","-","-","-","0","0"
"572","Trenton Irwin","WR","CIN","-","-","-","-","-","-","-","-","BYE","-","-","-","-","-","-","-","0","0","0"
"572","Keith Kirkwood","WR","NO","0","-","-","-","-","-","-","-","BYE","-","-","-","-","-","-","-","-","0","0"
"572","Jerell Adams","TE","FA","0","-","-","-","-","-","-","-","-","-","-","-","-","-","-","-","-","0","0"
"572","Clark Harris","TE","FA","0","0","0","0","0","0","0","0","-","0","0","0","0","0","0","0","0","0","0"
"572","Cooper Rush","QB","DAL","0","-","-","-","-","-","-","BYE","-","-","-","-","-","-","0","-","-","0","0"
"651","Tim Boyle","QB","NYJ","-","-","-","BYE","-","-","-0.3","-","-","-","-","0.6","-0.4","-","-","-","-","0","-0.1"
"652","Garrett Gilbert","QB","FA","0","-","-","-","0","-","-","-","-","-","-0.1","-0.1","0","-0.1","-","-","-","-0.1","-0.3"
"652","Nick Mullens","QB","MIN","0","-","-","-","-","-","-","-0.3","-","-","-","BYE","-","-","-","-","-","-0.2","-0.3"
"654","Jarrett Stidham","QB","DEN","-","-","-0.4","-","0","-","-0.2","-","-","BYE","-","-","-","-","-","-","-","-0.2","-0.6"
"655","Blake Bortles","QB","FA","0","-","-","-","-","-","0","-","-","0.1","-","-","-0.9","-","-","-","-","-0.2","-0.8"
"656","Darrius Shepherd","WR","LAC","-","-","0","0","0","-1.4","0","0","-","-","-","BYE","-","-","-","-","-","-0.2","-1.4"
"657","Michael Walker","WR","FA","-","-","-","-","-","-","-","-","0","-","0","-2","1.1","1.4","0","-2","-","-0.2","-1.5"
"658","Greg Dortch","WR","ARI","-","-","-","-","-","-","-","-","0","-","-","BYE","-","-2","-","-","-","-1","-2"
"658","Ray-Ray McCloud III","WR","SF","0","0","0","0","0","-2","-","-","-","-","-","-","-","-","-","-","-","-0.3","-2"
"660","Corey Clement","RB","ARI","0","-2","-","0","-2","-","-","-","-","-","-","BYE","-","-","-","-","-","-1","-4"
""
""